-- Generated by src/lib/ressim/src/tests/opm_small_direct.rs; do not edit by hand.
-- Case spe1-case2-10x10x3: spe1_acceptance SPE1 with gas redissolution (Case 2): the SPE1 model JutulDarcy can run.
-- Tables are ResSim's own relperm/PVT functions sampled onto dense nodes.
-- Run with: flow CASE.DATA
RUNSPEC
TITLE
  ressim small-direct spe1-case2-10x10x3 /
DIMENS
  10 10 3 /
OIL
WATER
GAS
DISGAS
METRIC
TABDIMS
  1 1 250 250 1 250 /
WELLDIMS
  2 1 1 2 /
START
  1 JAN 2026 /
UNIFOUT
GRID
INIT
DX
 3.0480000000e2 3.0480000000e2 3.0480000000e2 3.0480000000e2 3.0480000000e2 3.0480000000e2
 3.0480000000e2 3.0480000000e2 3.0480000000e2 3.0480000000e2 3.0480000000e2 3.0480000000e2
 3.0480000000e2 3.0480000000e2 3.0480000000e2 3.0480000000e2 3.0480000000e2 3.0480000000e2
 3.0480000000e2 3.0480000000e2 3.0480000000e2 3.0480000000e2 3.0480000000e2 3.0480000000e2
 3.0480000000e2 3.0480000000e2 3.0480000000e2 3.0480000000e2 3.0480000000e2 3.0480000000e2
 3.0480000000e2 3.0480000000e2 3.0480000000e2 3.0480000000e2 3.0480000000e2 3.0480000000e2
 3.0480000000e2 3.0480000000e2 3.0480000000e2 3.0480000000e2 3.0480000000e2 3.0480000000e2
 3.0480000000e2 3.0480000000e2 3.0480000000e2 3.0480000000e2 3.0480000000e2 3.0480000000e2
 3.0480000000e2 3.0480000000e2 3.0480000000e2 3.0480000000e2 3.0480000000e2 3.0480000000e2
 3.0480000000e2 3.0480000000e2 3.0480000000e2 3.0480000000e2 3.0480000000e2 3.0480000000e2
 3.0480000000e2 3.0480000000e2 3.0480000000e2 3.0480000000e2 3.0480000000e2 3.0480000000e2
 3.0480000000e2 3.0480000000e2 3.0480000000e2 3.0480000000e2 3.0480000000e2 3.0480000000e2
 3.0480000000e2 3.0480000000e2 3.0480000000e2 3.0480000000e2 3.0480000000e2 3.0480000000e2
 3.0480000000e2 3.0480000000e2 3.0480000000e2 3.0480000000e2 3.0480000000e2 3.0480000000e2
 3.0480000000e2 3.0480000000e2 3.0480000000e2 3.0480000000e2 3.0480000000e2 3.0480000000e2
 3.0480000000e2 3.0480000000e2 3.0480000000e2 3.0480000000e2 3.0480000000e2 3.0480000000e2
 3.0480000000e2 3.0480000000e2 3.0480000000e2 3.0480000000e2 3.0480000000e2 3.0480000000e2
 3.0480000000e2 3.0480000000e2 3.0480000000e2 3.0480000000e2 3.0480000000e2 3.0480000000e2
 3.0480000000e2 3.0480000000e2 3.0480000000e2 3.0480000000e2 3.0480000000e2 3.0480000000e2
 3.0480000000e2 3.0480000000e2 3.0480000000e2 3.0480000000e2 3.0480000000e2 3.0480000000e2
 3.0480000000e2 3.0480000000e2 3.0480000000e2 3.0480000000e2 3.0480000000e2 3.0480000000e2
 3.0480000000e2 3.0480000000e2 3.0480000000e2 3.0480000000e2 3.0480000000e2 3.0480000000e2
 3.0480000000e2 3.0480000000e2 3.0480000000e2 3.0480000000e2 3.0480000000e2 3.0480000000e2
 3.0480000000e2 3.0480000000e2 3.0480000000e2 3.0480000000e2 3.0480000000e2 3.0480000000e2
 3.0480000000e2 3.0480000000e2 3.0480000000e2 3.0480000000e2 3.0480000000e2 3.0480000000e2
 3.0480000000e2 3.0480000000e2 3.0480000000e2 3.0480000000e2 3.0480000000e2 3.0480000000e2
 3.0480000000e2 3.0480000000e2 3.0480000000e2 3.0480000000e2 3.0480000000e2 3.0480000000e2
 3.0480000000e2 3.0480000000e2 3.0480000000e2 3.0480000000e2 3.0480000000e2 3.0480000000e2
 3.0480000000e2 3.0480000000e2 3.0480000000e2 3.0480000000e2 3.0480000000e2 3.0480000000e2
 3.0480000000e2 3.0480000000e2 3.0480000000e2 3.0480000000e2 3.0480000000e2 3.0480000000e2
 3.0480000000e2 3.0480000000e2 3.0480000000e2 3.0480000000e2 3.0480000000e2 3.0480000000e2
 3.0480000000e2 3.0480000000e2 3.0480000000e2 3.0480000000e2 3.0480000000e2 3.0480000000e2
 3.0480000000e2 3.0480000000e2 3.0480000000e2 3.0480000000e2 3.0480000000e2 3.0480000000e2
 3.0480000000e2 3.0480000000e2 3.0480000000e2 3.0480000000e2 3.0480000000e2 3.0480000000e2
 3.0480000000e2 3.0480000000e2 3.0480000000e2 3.0480000000e2 3.0480000000e2 3.0480000000e2
 3.0480000000e2 3.0480000000e2 3.0480000000e2 3.0480000000e2 3.0480000000e2 3.0480000000e2
 3.0480000000e2 3.0480000000e2 3.0480000000e2 3.0480000000e2 3.0480000000e2 3.0480000000e2
 3.0480000000e2 3.0480000000e2 3.0480000000e2 3.0480000000e2 3.0480000000e2 3.0480000000e2
 3.0480000000e2 3.0480000000e2 3.0480000000e2 3.0480000000e2 3.0480000000e2 3.0480000000e2
 3.0480000000e2 3.0480000000e2 3.0480000000e2 3.0480000000e2 3.0480000000e2 3.0480000000e2
 3.0480000000e2 3.0480000000e2 3.0480000000e2 3.0480000000e2 3.0480000000e2 3.0480000000e2
 3.0480000000e2 3.0480000000e2 3.0480000000e2 3.0480000000e2 3.0480000000e2 3.0480000000e2
 3.0480000000e2 3.0480000000e2 3.0480000000e2 3.0480000000e2 3.0480000000e2 3.0480000000e2
 3.0480000000e2 3.0480000000e2 3.0480000000e2 3.0480000000e2 3.0480000000e2 3.0480000000e2
 3.0480000000e2 3.0480000000e2 3.0480000000e2 3.0480000000e2 3.0480000000e2 3.0480000000e2
 3.0480000000e2 3.0480000000e2 3.0480000000e2 3.0480000000e2 3.0480000000e2 3.0480000000e2
 3.0480000000e2 3.0480000000e2 3.0480000000e2 3.0480000000e2 3.0480000000e2 3.0480000000e2
 3.0480000000e2 3.0480000000e2 3.0480000000e2 3.0480000000e2 3.0480000000e2 3.0480000000e2
 3.0480000000e2 3.0480000000e2 3.0480000000e2 3.0480000000e2 3.0480000000e2 3.0480000000e2
 3.0480000000e2 3.0480000000e2 3.0480000000e2 3.0480000000e2 3.0480000000e2 3.0480000000e2
 /
DY
 3.0480000000e2 3.0480000000e2 3.0480000000e2 3.0480000000e2 3.0480000000e2 3.0480000000e2
 3.0480000000e2 3.0480000000e2 3.0480000000e2 3.0480000000e2 3.0480000000e2 3.0480000000e2
 3.0480000000e2 3.0480000000e2 3.0480000000e2 3.0480000000e2 3.0480000000e2 3.0480000000e2
 3.0480000000e2 3.0480000000e2 3.0480000000e2 3.0480000000e2 3.0480000000e2 3.0480000000e2
 3.0480000000e2 3.0480000000e2 3.0480000000e2 3.0480000000e2 3.0480000000e2 3.0480000000e2
 3.0480000000e2 3.0480000000e2 3.0480000000e2 3.0480000000e2 3.0480000000e2 3.0480000000e2
 3.0480000000e2 3.0480000000e2 3.0480000000e2 3.0480000000e2 3.0480000000e2 3.0480000000e2
 3.0480000000e2 3.0480000000e2 3.0480000000e2 3.0480000000e2 3.0480000000e2 3.0480000000e2
 3.0480000000e2 3.0480000000e2 3.0480000000e2 3.0480000000e2 3.0480000000e2 3.0480000000e2
 3.0480000000e2 3.0480000000e2 3.0480000000e2 3.0480000000e2 3.0480000000e2 3.0480000000e2
 3.0480000000e2 3.0480000000e2 3.0480000000e2 3.0480000000e2 3.0480000000e2 3.0480000000e2
 3.0480000000e2 3.0480000000e2 3.0480000000e2 3.0480000000e2 3.0480000000e2 3.0480000000e2
 3.0480000000e2 3.0480000000e2 3.0480000000e2 3.0480000000e2 3.0480000000e2 3.0480000000e2
 3.0480000000e2 3.0480000000e2 3.0480000000e2 3.0480000000e2 3.0480000000e2 3.0480000000e2
 3.0480000000e2 3.0480000000e2 3.0480000000e2 3.0480000000e2 3.0480000000e2 3.0480000000e2
 3.0480000000e2 3.0480000000e2 3.0480000000e2 3.0480000000e2 3.0480000000e2 3.0480000000e2
 3.0480000000e2 3.0480000000e2 3.0480000000e2 3.0480000000e2 3.0480000000e2 3.0480000000e2
 3.0480000000e2 3.0480000000e2 3.0480000000e2 3.0480000000e2 3.0480000000e2 3.0480000000e2
 3.0480000000e2 3.0480000000e2 3.0480000000e2 3.0480000000e2 3.0480000000e2 3.0480000000e2
 3.0480000000e2 3.0480000000e2 3.0480000000e2 3.0480000000e2 3.0480000000e2 3.0480000000e2
 3.0480000000e2 3.0480000000e2 3.0480000000e2 3.0480000000e2 3.0480000000e2 3.0480000000e2
 3.0480000000e2 3.0480000000e2 3.0480000000e2 3.0480000000e2 3.0480000000e2 3.0480000000e2
 3.0480000000e2 3.0480000000e2 3.0480000000e2 3.0480000000e2 3.0480000000e2 3.0480000000e2
 3.0480000000e2 3.0480000000e2 3.0480000000e2 3.0480000000e2 3.0480000000e2 3.0480000000e2
 3.0480000000e2 3.0480000000e2 3.0480000000e2 3.0480000000e2 3.0480000000e2 3.0480000000e2
 3.0480000000e2 3.0480000000e2 3.0480000000e2 3.0480000000e2 3.0480000000e2 3.0480000000e2
 3.0480000000e2 3.0480000000e2 3.0480000000e2 3.0480000000e2 3.0480000000e2 3.0480000000e2
 3.0480000000e2 3.0480000000e2 3.0480000000e2 3.0480000000e2 3.0480000000e2 3.0480000000e2
 3.0480000000e2 3.0480000000e2 3.0480000000e2 3.0480000000e2 3.0480000000e2 3.0480000000e2
 3.0480000000e2 3.0480000000e2 3.0480000000e2 3.0480000000e2 3.0480000000e2 3.0480000000e2
 3.0480000000e2 3.0480000000e2 3.0480000000e2 3.0480000000e2 3.0480000000e2 3.0480000000e2
 3.0480000000e2 3.0480000000e2 3.0480000000e2 3.0480000000e2 3.0480000000e2 3.0480000000e2
 3.0480000000e2 3.0480000000e2 3.0480000000e2 3.0480000000e2 3.0480000000e2 3.0480000000e2
 3.0480000000e2 3.0480000000e2 3.0480000000e2 3.0480000000e2 3.0480000000e2 3.0480000000e2
 3.0480000000e2 3.0480000000e2 3.0480000000e2 3.0480000000e2 3.0480000000e2 3.0480000000e2
 3.0480000000e2 3.0480000000e2 3.0480000000e2 3.0480000000e2 3.0480000000e2 3.0480000000e2
 3.0480000000e2 3.0480000000e2 3.0480000000e2 3.0480000000e2 3.0480000000e2 3.0480000000e2
 3.0480000000e2 3.0480000000e2 3.0480000000e2 3.0480000000e2 3.0480000000e2 3.0480000000e2
 3.0480000000e2 3.0480000000e2 3.0480000000e2 3.0480000000e2 3.0480000000e2 3.0480000000e2
 3.0480000000e2 3.0480000000e2 3.0480000000e2 3.0480000000e2 3.0480000000e2 3.0480000000e2
 3.0480000000e2 3.0480000000e2 3.0480000000e2 3.0480000000e2 3.0480000000e2 3.0480000000e2
 3.0480000000e2 3.0480000000e2 3.0480000000e2 3.0480000000e2 3.0480000000e2 3.0480000000e2
 3.0480000000e2 3.0480000000e2 3.0480000000e2 3.0480000000e2 3.0480000000e2 3.0480000000e2
 3.0480000000e2 3.0480000000e2 3.0480000000e2 3.0480000000e2 3.0480000000e2 3.0480000000e2
 3.0480000000e2 3.0480000000e2 3.0480000000e2 3.0480000000e2 3.0480000000e2 3.0480000000e2
 3.0480000000e2 3.0480000000e2 3.0480000000e2 3.0480000000e2 3.0480000000e2 3.0480000000e2
 3.0480000000e2 3.0480000000e2 3.0480000000e2 3.0480000000e2 3.0480000000e2 3.0480000000e2
 3.0480000000e2 3.0480000000e2 3.0480000000e2 3.0480000000e2 3.0480000000e2 3.0480000000e2
 3.0480000000e2 3.0480000000e2 3.0480000000e2 3.0480000000e2 3.0480000000e2 3.0480000000e2
 3.0480000000e2 3.0480000000e2 3.0480000000e2 3.0480000000e2 3.0480000000e2 3.0480000000e2
 /
DZ
 6.0960000000e0 6.0960000000e0 6.0960000000e0 6.0960000000e0 6.0960000000e0 6.0960000000e0
 6.0960000000e0 6.0960000000e0 6.0960000000e0 6.0960000000e0 6.0960000000e0 6.0960000000e0
 6.0960000000e0 6.0960000000e0 6.0960000000e0 6.0960000000e0 6.0960000000e0 6.0960000000e0
 6.0960000000e0 6.0960000000e0 6.0960000000e0 6.0960000000e0 6.0960000000e0 6.0960000000e0
 6.0960000000e0 6.0960000000e0 6.0960000000e0 6.0960000000e0 6.0960000000e0 6.0960000000e0
 6.0960000000e0 6.0960000000e0 6.0960000000e0 6.0960000000e0 6.0960000000e0 6.0960000000e0
 6.0960000000e0 6.0960000000e0 6.0960000000e0 6.0960000000e0 6.0960000000e0 6.0960000000e0
 6.0960000000e0 6.0960000000e0 6.0960000000e0 6.0960000000e0 6.0960000000e0 6.0960000000e0
 6.0960000000e0 6.0960000000e0 6.0960000000e0 6.0960000000e0 6.0960000000e0 6.0960000000e0
 6.0960000000e0 6.0960000000e0 6.0960000000e0 6.0960000000e0 6.0960000000e0 6.0960000000e0
 6.0960000000e0 6.0960000000e0 6.0960000000e0 6.0960000000e0 6.0960000000e0 6.0960000000e0
 6.0960000000e0 6.0960000000e0 6.0960000000e0 6.0960000000e0 6.0960000000e0 6.0960000000e0
 6.0960000000e0 6.0960000000e0 6.0960000000e0 6.0960000000e0 6.0960000000e0 6.0960000000e0
 6.0960000000e0 6.0960000000e0 6.0960000000e0 6.0960000000e0 6.0960000000e0 6.0960000000e0
 6.0960000000e0 6.0960000000e0 6.0960000000e0 6.0960000000e0 6.0960000000e0 6.0960000000e0
 6.0960000000e0 6.0960000000e0 6.0960000000e0 6.0960000000e0 6.0960000000e0 6.0960000000e0
 6.0960000000e0 6.0960000000e0 6.0960000000e0 6.0960000000e0 9.1440000000e0 9.1440000000e0
 9.1440000000e0 9.1440000000e0 9.1440000000e0 9.1440000000e0 9.1440000000e0 9.1440000000e0
 9.1440000000e0 9.1440000000e0 9.1440000000e0 9.1440000000e0 9.1440000000e0 9.1440000000e0
 9.1440000000e0 9.1440000000e0 9.1440000000e0 9.1440000000e0 9.1440000000e0 9.1440000000e0
 9.1440000000e0 9.1440000000e0 9.1440000000e0 9.1440000000e0 9.1440000000e0 9.1440000000e0
 9.1440000000e0 9.1440000000e0 9.1440000000e0 9.1440000000e0 9.1440000000e0 9.1440000000e0
 9.1440000000e0 9.1440000000e0 9.1440000000e0 9.1440000000e0 9.1440000000e0 9.1440000000e0
 9.1440000000e0 9.1440000000e0 9.1440000000e0 9.1440000000e0 9.1440000000e0 9.1440000000e0
 9.1440000000e0 9.1440000000e0 9.1440000000e0 9.1440000000e0 9.1440000000e0 9.1440000000e0
 9.1440000000e0 9.1440000000e0 9.1440000000e0 9.1440000000e0 9.1440000000e0 9.1440000000e0
 9.1440000000e0 9.1440000000e0 9.1440000000e0 9.1440000000e0 9.1440000000e0 9.1440000000e0
 9.1440000000e0 9.1440000000e0 9.1440000000e0 9.1440000000e0 9.1440000000e0 9.1440000000e0
 9.1440000000e0 9.1440000000e0 9.1440000000e0 9.1440000000e0 9.1440000000e0 9.1440000000e0
 9.1440000000e0 9.1440000000e0 9.1440000000e0 9.1440000000e0 9.1440000000e0 9.1440000000e0
 9.1440000000e0 9.1440000000e0 9.1440000000e0 9.1440000000e0 9.1440000000e0 9.1440000000e0
 9.1440000000e0 9.1440000000e0 9.1440000000e0 9.1440000000e0 9.1440000000e0 9.1440000000e0
 9.1440000000e0 9.1440000000e0 9.1440000000e0 9.1440000000e0 9.1440000000e0 9.1440000000e0
 9.1440000000e0 9.1440000000e0 1.5240000000e1 1.5240000000e1 1.5240000000e1 1.5240000000e1
 1.5240000000e1 1.5240000000e1 1.5240000000e1 1.5240000000e1 1.5240000000e1 1.5240000000e1
 1.5240000000e1 1.5240000000e1 1.5240000000e1 1.5240000000e1 1.5240000000e1 1.5240000000e1
 1.5240000000e1 1.5240000000e1 1.5240000000e1 1.5240000000e1 1.5240000000e1 1.5240000000e1
 1.5240000000e1 1.5240000000e1 1.5240000000e1 1.5240000000e1 1.5240000000e1 1.5240000000e1
 1.5240000000e1 1.5240000000e1 1.5240000000e1 1.5240000000e1 1.5240000000e1 1.5240000000e1
 1.5240000000e1 1.5240000000e1 1.5240000000e1 1.5240000000e1 1.5240000000e1 1.5240000000e1
 1.5240000000e1 1.5240000000e1 1.5240000000e1 1.5240000000e1 1.5240000000e1 1.5240000000e1
 1.5240000000e1 1.5240000000e1 1.5240000000e1 1.5240000000e1 1.5240000000e1 1.5240000000e1
 1.5240000000e1 1.5240000000e1 1.5240000000e1 1.5240000000e1 1.5240000000e1 1.5240000000e1
 1.5240000000e1 1.5240000000e1 1.5240000000e1 1.5240000000e1 1.5240000000e1 1.5240000000e1
 1.5240000000e1 1.5240000000e1 1.5240000000e1 1.5240000000e1 1.5240000000e1 1.5240000000e1
 1.5240000000e1 1.5240000000e1 1.5240000000e1 1.5240000000e1 1.5240000000e1 1.5240000000e1
 1.5240000000e1 1.5240000000e1 1.5240000000e1 1.5240000000e1 1.5240000000e1 1.5240000000e1
 1.5240000000e1 1.5240000000e1 1.5240000000e1 1.5240000000e1 1.5240000000e1 1.5240000000e1
 1.5240000000e1 1.5240000000e1 1.5240000000e1 1.5240000000e1 1.5240000000e1 1.5240000000e1
 1.5240000000e1 1.5240000000e1 1.5240000000e1 1.5240000000e1 1.5240000000e1 1.5240000000e1
 /
TOPS
 2.5374600000e3 2.5374600000e3 2.5374600000e3 2.5374600000e3 2.5374600000e3 2.5374600000e3
 2.5374600000e3 2.5374600000e3 2.5374600000e3 2.5374600000e3 2.5374600000e3 2.5374600000e3
 2.5374600000e3 2.5374600000e3 2.5374600000e3 2.5374600000e3 2.5374600000e3 2.5374600000e3
 2.5374600000e3 2.5374600000e3 2.5374600000e3 2.5374600000e3 2.5374600000e3 2.5374600000e3
 2.5374600000e3 2.5374600000e3 2.5374600000e3 2.5374600000e3 2.5374600000e3 2.5374600000e3
 2.5374600000e3 2.5374600000e3 2.5374600000e3 2.5374600000e3 2.5374600000e3 2.5374600000e3
 2.5374600000e3 2.5374600000e3 2.5374600000e3 2.5374600000e3 2.5374600000e3 2.5374600000e3
 2.5374600000e3 2.5374600000e3 2.5374600000e3 2.5374600000e3 2.5374600000e3 2.5374600000e3
 2.5374600000e3 2.5374600000e3 2.5374600000e3 2.5374600000e3 2.5374600000e3 2.5374600000e3
 2.5374600000e3 2.5374600000e3 2.5374600000e3 2.5374600000e3 2.5374600000e3 2.5374600000e3
 2.5374600000e3 2.5374600000e3 2.5374600000e3 2.5374600000e3 2.5374600000e3 2.5374600000e3
 2.5374600000e3 2.5374600000e3 2.5374600000e3 2.5374600000e3 2.5374600000e3 2.5374600000e3
 2.5374600000e3 2.5374600000e3 2.5374600000e3 2.5374600000e3 2.5374600000e3 2.5374600000e3
 2.5374600000e3 2.5374600000e3 2.5374600000e3 2.5374600000e3 2.5374600000e3 2.5374600000e3
 2.5374600000e3 2.5374600000e3 2.5374600000e3 2.5374600000e3 2.5374600000e3 2.5374600000e3
 2.5374600000e3 2.5374600000e3 2.5374600000e3 2.5374600000e3 2.5374600000e3 2.5374600000e3
 2.5374600000e3 2.5374600000e3 2.5374600000e3 2.5374600000e3 /
PORO
 3.0000000000e-1 3.0000000000e-1 3.0000000000e-1 3.0000000000e-1 3.0000000000e-1 3.0000000000e-1
 3.0000000000e-1 3.0000000000e-1 3.0000000000e-1 3.0000000000e-1 3.0000000000e-1 3.0000000000e-1
 3.0000000000e-1 3.0000000000e-1 3.0000000000e-1 3.0000000000e-1 3.0000000000e-1 3.0000000000e-1
 3.0000000000e-1 3.0000000000e-1 3.0000000000e-1 3.0000000000e-1 3.0000000000e-1 3.0000000000e-1
 3.0000000000e-1 3.0000000000e-1 3.0000000000e-1 3.0000000000e-1 3.0000000000e-1 3.0000000000e-1
 3.0000000000e-1 3.0000000000e-1 3.0000000000e-1 3.0000000000e-1 3.0000000000e-1 3.0000000000e-1
 3.0000000000e-1 3.0000000000e-1 3.0000000000e-1 3.0000000000e-1 3.0000000000e-1 3.0000000000e-1
 3.0000000000e-1 3.0000000000e-1 3.0000000000e-1 3.0000000000e-1 3.0000000000e-1 3.0000000000e-1
 3.0000000000e-1 3.0000000000e-1 3.0000000000e-1 3.0000000000e-1 3.0000000000e-1 3.0000000000e-1
 3.0000000000e-1 3.0000000000e-1 3.0000000000e-1 3.0000000000e-1 3.0000000000e-1 3.0000000000e-1
 3.0000000000e-1 3.0000000000e-1 3.0000000000e-1 3.0000000000e-1 3.0000000000e-1 3.0000000000e-1
 3.0000000000e-1 3.0000000000e-1 3.0000000000e-1 3.0000000000e-1 3.0000000000e-1 3.0000000000e-1
 3.0000000000e-1 3.0000000000e-1 3.0000000000e-1 3.0000000000e-1 3.0000000000e-1 3.0000000000e-1
 3.0000000000e-1 3.0000000000e-1 3.0000000000e-1 3.0000000000e-1 3.0000000000e-1 3.0000000000e-1
 3.0000000000e-1 3.0000000000e-1 3.0000000000e-1 3.0000000000e-1 3.0000000000e-1 3.0000000000e-1
 3.0000000000e-1 3.0000000000e-1 3.0000000000e-1 3.0000000000e-1 3.0000000000e-1 3.0000000000e-1
 3.0000000000e-1 3.0000000000e-1 3.0000000000e-1 3.0000000000e-1 3.0000000000e-1 3.0000000000e-1
 3.0000000000e-1 3.0000000000e-1 3.0000000000e-1 3.0000000000e-1 3.0000000000e-1 3.0000000000e-1
 3.0000000000e-1 3.0000000000e-1 3.0000000000e-1 3.0000000000e-1 3.0000000000e-1 3.0000000000e-1
 3.0000000000e-1 3.0000000000e-1 3.0000000000e-1 3.0000000000e-1 3.0000000000e-1 3.0000000000e-1
 3.0000000000e-1 3.0000000000e-1 3.0000000000e-1 3.0000000000e-1 3.0000000000e-1 3.0000000000e-1
 3.0000000000e-1 3.0000000000e-1 3.0000000000e-1 3.0000000000e-1 3.0000000000e-1 3.0000000000e-1
 3.0000000000e-1 3.0000000000e-1 3.0000000000e-1 3.0000000000e-1 3.0000000000e-1 3.0000000000e-1
 3.0000000000e-1 3.0000000000e-1 3.0000000000e-1 3.0000000000e-1 3.0000000000e-1 3.0000000000e-1
 3.0000000000e-1 3.0000000000e-1 3.0000000000e-1 3.0000000000e-1 3.0000000000e-1 3.0000000000e-1
 3.0000000000e-1 3.0000000000e-1 3.0000000000e-1 3.0000000000e-1 3.0000000000e-1 3.0000000000e-1
 3.0000000000e-1 3.0000000000e-1 3.0000000000e-1 3.0000000000e-1 3.0000000000e-1 3.0000000000e-1
 3.0000000000e-1 3.0000000000e-1 3.0000000000e-1 3.0000000000e-1 3.0000000000e-1 3.0000000000e-1
 3.0000000000e-1 3.0000000000e-1 3.0000000000e-1 3.0000000000e-1 3.0000000000e-1 3.0000000000e-1
 3.0000000000e-1 3.0000000000e-1 3.0000000000e-1 3.0000000000e-1 3.0000000000e-1 3.0000000000e-1
 3.0000000000e-1 3.0000000000e-1 3.0000000000e-1 3.0000000000e-1 3.0000000000e-1 3.0000000000e-1
 3.0000000000e-1 3.0000000000e-1 3.0000000000e-1 3.0000000000e-1 3.0000000000e-1 3.0000000000e-1
 3.0000000000e-1 3.0000000000e-1 3.0000000000e-1 3.0000000000e-1 3.0000000000e-1 3.0000000000e-1
 3.0000000000e-1 3.0000000000e-1 3.0000000000e-1 3.0000000000e-1 3.0000000000e-1 3.0000000000e-1
 3.0000000000e-1 3.0000000000e-1 3.0000000000e-1 3.0000000000e-1 3.0000000000e-1 3.0000000000e-1
 3.0000000000e-1 3.0000000000e-1 3.0000000000e-1 3.0000000000e-1 3.0000000000e-1 3.0000000000e-1
 3.0000000000e-1 3.0000000000e-1 3.0000000000e-1 3.0000000000e-1 3.0000000000e-1 3.0000000000e-1
 3.0000000000e-1 3.0000000000e-1 3.0000000000e-1 3.0000000000e-1 3.0000000000e-1 3.0000000000e-1
 3.0000000000e-1 3.0000000000e-1 3.0000000000e-1 3.0000000000e-1 3.0000000000e-1 3.0000000000e-1
 3.0000000000e-1 3.0000000000e-1 3.0000000000e-1 3.0000000000e-1 3.0000000000e-1 3.0000000000e-1
 3.0000000000e-1 3.0000000000e-1 3.0000000000e-1 3.0000000000e-1 3.0000000000e-1 3.0000000000e-1
 3.0000000000e-1 3.0000000000e-1 3.0000000000e-1 3.0000000000e-1 3.0000000000e-1 3.0000000000e-1
 3.0000000000e-1 3.0000000000e-1 3.0000000000e-1 3.0000000000e-1 3.0000000000e-1 3.0000000000e-1
 3.0000000000e-1 3.0000000000e-1 3.0000000000e-1 3.0000000000e-1 3.0000000000e-1 3.0000000000e-1
 3.0000000000e-1 3.0000000000e-1 3.0000000000e-1 3.0000000000e-1 3.0000000000e-1 3.0000000000e-1
 3.0000000000e-1 3.0000000000e-1 3.0000000000e-1 3.0000000000e-1 3.0000000000e-1 3.0000000000e-1
 3.0000000000e-1 3.0000000000e-1 3.0000000000e-1 3.0000000000e-1 3.0000000000e-1 3.0000000000e-1
 3.0000000000e-1 3.0000000000e-1 3.0000000000e-1 3.0000000000e-1 3.0000000000e-1 3.0000000000e-1
 3.0000000000e-1 3.0000000000e-1 3.0000000000e-1 3.0000000000e-1 3.0000000000e-1 3.0000000000e-1
 3.0000000000e-1 3.0000000000e-1 3.0000000000e-1 3.0000000000e-1 3.0000000000e-1 3.0000000000e-1
 /
PERMX
 5.0000000000e2 5.0000000000e2 5.0000000000e2 5.0000000000e2 5.0000000000e2 5.0000000000e2
 5.0000000000e2 5.0000000000e2 5.0000000000e2 5.0000000000e2 5.0000000000e2 5.0000000000e2
 5.0000000000e2 5.0000000000e2 5.0000000000e2 5.0000000000e2 5.0000000000e2 5.0000000000e2
 5.0000000000e2 5.0000000000e2 5.0000000000e2 5.0000000000e2 5.0000000000e2 5.0000000000e2
 5.0000000000e2 5.0000000000e2 5.0000000000e2 5.0000000000e2 5.0000000000e2 5.0000000000e2
 5.0000000000e2 5.0000000000e2 5.0000000000e2 5.0000000000e2 5.0000000000e2 5.0000000000e2
 5.0000000000e2 5.0000000000e2 5.0000000000e2 5.0000000000e2 5.0000000000e2 5.0000000000e2
 5.0000000000e2 5.0000000000e2 5.0000000000e2 5.0000000000e2 5.0000000000e2 5.0000000000e2
 5.0000000000e2 5.0000000000e2 5.0000000000e2 5.0000000000e2 5.0000000000e2 5.0000000000e2
 5.0000000000e2 5.0000000000e2 5.0000000000e2 5.0000000000e2 5.0000000000e2 5.0000000000e2
 5.0000000000e2 5.0000000000e2 5.0000000000e2 5.0000000000e2 5.0000000000e2 5.0000000000e2
 5.0000000000e2 5.0000000000e2 5.0000000000e2 5.0000000000e2 5.0000000000e2 5.0000000000e2
 5.0000000000e2 5.0000000000e2 5.0000000000e2 5.0000000000e2 5.0000000000e2 5.0000000000e2
 5.0000000000e2 5.0000000000e2 5.0000000000e2 5.0000000000e2 5.0000000000e2 5.0000000000e2
 5.0000000000e2 5.0000000000e2 5.0000000000e2 5.0000000000e2 5.0000000000e2 5.0000000000e2
 5.0000000000e2 5.0000000000e2 5.0000000000e2 5.0000000000e2 5.0000000000e2 5.0000000000e2
 5.0000000000e2 5.0000000000e2 5.0000000000e2 5.0000000000e2 5.0000000000e1 5.0000000000e1
 5.0000000000e1 5.0000000000e1 5.0000000000e1 5.0000000000e1 5.0000000000e1 5.0000000000e1
 5.0000000000e1 5.0000000000e1 5.0000000000e1 5.0000000000e1 5.0000000000e1 5.0000000000e1
 5.0000000000e1 5.0000000000e1 5.0000000000e1 5.0000000000e1 5.0000000000e1 5.0000000000e1
 5.0000000000e1 5.0000000000e1 5.0000000000e1 5.0000000000e1 5.0000000000e1 5.0000000000e1
 5.0000000000e1 5.0000000000e1 5.0000000000e1 5.0000000000e1 5.0000000000e1 5.0000000000e1
 5.0000000000e1 5.0000000000e1 5.0000000000e1 5.0000000000e1 5.0000000000e1 5.0000000000e1
 5.0000000000e1 5.0000000000e1 5.0000000000e1 5.0000000000e1 5.0000000000e1 5.0000000000e1
 5.0000000000e1 5.0000000000e1 5.0000000000e1 5.0000000000e1 5.0000000000e1 5.0000000000e1
 5.0000000000e1 5.0000000000e1 5.0000000000e1 5.0000000000e1 5.0000000000e1 5.0000000000e1
 5.0000000000e1 5.0000000000e1 5.0000000000e1 5.0000000000e1 5.0000000000e1 5.0000000000e1
 5.0000000000e1 5.0000000000e1 5.0000000000e1 5.0000000000e1 5.0000000000e1 5.0000000000e1
 5.0000000000e1 5.0000000000e1 5.0000000000e1 5.0000000000e1 5.0000000000e1 5.0000000000e1
 5.0000000000e1 5.0000000000e1 5.0000000000e1 5.0000000000e1 5.0000000000e1 5.0000000000e1
 5.0000000000e1 5.0000000000e1 5.0000000000e1 5.0000000000e1 5.0000000000e1 5.0000000000e1
 5.0000000000e1 5.0000000000e1 5.0000000000e1 5.0000000000e1 5.0000000000e1 5.0000000000e1
 5.0000000000e1 5.0000000000e1 5.0000000000e1 5.0000000000e1 5.0000000000e1 5.0000000000e1
 5.0000000000e1 5.0000000000e1 2.0000000000e2 2.0000000000e2 2.0000000000e2 2.0000000000e2
 2.0000000000e2 2.0000000000e2 2.0000000000e2 2.0000000000e2 2.0000000000e2 2.0000000000e2
 2.0000000000e2 2.0000000000e2 2.0000000000e2 2.0000000000e2 2.0000000000e2 2.0000000000e2
 2.0000000000e2 2.0000000000e2 2.0000000000e2 2.0000000000e2 2.0000000000e2 2.0000000000e2
 2.0000000000e2 2.0000000000e2 2.0000000000e2 2.0000000000e2 2.0000000000e2 2.0000000000e2
 2.0000000000e2 2.0000000000e2 2.0000000000e2 2.0000000000e2 2.0000000000e2 2.0000000000e2
 2.0000000000e2 2.0000000000e2 2.0000000000e2 2.0000000000e2 2.0000000000e2 2.0000000000e2
 2.0000000000e2 2.0000000000e2 2.0000000000e2 2.0000000000e2 2.0000000000e2 2.0000000000e2
 2.0000000000e2 2.0000000000e2 2.0000000000e2 2.0000000000e2 2.0000000000e2 2.0000000000e2
 2.0000000000e2 2.0000000000e2 2.0000000000e2 2.0000000000e2 2.0000000000e2 2.0000000000e2
 2.0000000000e2 2.0000000000e2 2.0000000000e2 2.0000000000e2 2.0000000000e2 2.0000000000e2
 2.0000000000e2 2.0000000000e2 2.0000000000e2 2.0000000000e2 2.0000000000e2 2.0000000000e2
 2.0000000000e2 2.0000000000e2 2.0000000000e2 2.0000000000e2 2.0000000000e2 2.0000000000e2
 2.0000000000e2 2.0000000000e2 2.0000000000e2 2.0000000000e2 2.0000000000e2 2.0000000000e2
 2.0000000000e2 2.0000000000e2 2.0000000000e2 2.0000000000e2 2.0000000000e2 2.0000000000e2
 2.0000000000e2 2.0000000000e2 2.0000000000e2 2.0000000000e2 2.0000000000e2 2.0000000000e2
 2.0000000000e2 2.0000000000e2 2.0000000000e2 2.0000000000e2 2.0000000000e2 2.0000000000e2
 /
PERMY
 5.0000000000e2 5.0000000000e2 5.0000000000e2 5.0000000000e2 5.0000000000e2 5.0000000000e2
 5.0000000000e2 5.0000000000e2 5.0000000000e2 5.0000000000e2 5.0000000000e2 5.0000000000e2
 5.0000000000e2 5.0000000000e2 5.0000000000e2 5.0000000000e2 5.0000000000e2 5.0000000000e2
 5.0000000000e2 5.0000000000e2 5.0000000000e2 5.0000000000e2 5.0000000000e2 5.0000000000e2
 5.0000000000e2 5.0000000000e2 5.0000000000e2 5.0000000000e2 5.0000000000e2 5.0000000000e2
 5.0000000000e2 5.0000000000e2 5.0000000000e2 5.0000000000e2 5.0000000000e2 5.0000000000e2
 5.0000000000e2 5.0000000000e2 5.0000000000e2 5.0000000000e2 5.0000000000e2 5.0000000000e2
 5.0000000000e2 5.0000000000e2 5.0000000000e2 5.0000000000e2 5.0000000000e2 5.0000000000e2
 5.0000000000e2 5.0000000000e2 5.0000000000e2 5.0000000000e2 5.0000000000e2 5.0000000000e2
 5.0000000000e2 5.0000000000e2 5.0000000000e2 5.0000000000e2 5.0000000000e2 5.0000000000e2
 5.0000000000e2 5.0000000000e2 5.0000000000e2 5.0000000000e2 5.0000000000e2 5.0000000000e2
 5.0000000000e2 5.0000000000e2 5.0000000000e2 5.0000000000e2 5.0000000000e2 5.0000000000e2
 5.0000000000e2 5.0000000000e2 5.0000000000e2 5.0000000000e2 5.0000000000e2 5.0000000000e2
 5.0000000000e2 5.0000000000e2 5.0000000000e2 5.0000000000e2 5.0000000000e2 5.0000000000e2
 5.0000000000e2 5.0000000000e2 5.0000000000e2 5.0000000000e2 5.0000000000e2 5.0000000000e2
 5.0000000000e2 5.0000000000e2 5.0000000000e2 5.0000000000e2 5.0000000000e2 5.0000000000e2
 5.0000000000e2 5.0000000000e2 5.0000000000e2 5.0000000000e2 5.0000000000e1 5.0000000000e1
 5.0000000000e1 5.0000000000e1 5.0000000000e1 5.0000000000e1 5.0000000000e1 5.0000000000e1
 5.0000000000e1 5.0000000000e1 5.0000000000e1 5.0000000000e1 5.0000000000e1 5.0000000000e1
 5.0000000000e1 5.0000000000e1 5.0000000000e1 5.0000000000e1 5.0000000000e1 5.0000000000e1
 5.0000000000e1 5.0000000000e1 5.0000000000e1 5.0000000000e1 5.0000000000e1 5.0000000000e1
 5.0000000000e1 5.0000000000e1 5.0000000000e1 5.0000000000e1 5.0000000000e1 5.0000000000e1
 5.0000000000e1 5.0000000000e1 5.0000000000e1 5.0000000000e1 5.0000000000e1 5.0000000000e1
 5.0000000000e1 5.0000000000e1 5.0000000000e1 5.0000000000e1 5.0000000000e1 5.0000000000e1
 5.0000000000e1 5.0000000000e1 5.0000000000e1 5.0000000000e1 5.0000000000e1 5.0000000000e1
 5.0000000000e1 5.0000000000e1 5.0000000000e1 5.0000000000e1 5.0000000000e1 5.0000000000e1
 5.0000000000e1 5.0000000000e1 5.0000000000e1 5.0000000000e1 5.0000000000e1 5.0000000000e1
 5.0000000000e1 5.0000000000e1 5.0000000000e1 5.0000000000e1 5.0000000000e1 5.0000000000e1
 5.0000000000e1 5.0000000000e1 5.0000000000e1 5.0000000000e1 5.0000000000e1 5.0000000000e1
 5.0000000000e1 5.0000000000e1 5.0000000000e1 5.0000000000e1 5.0000000000e1 5.0000000000e1
 5.0000000000e1 5.0000000000e1 5.0000000000e1 5.0000000000e1 5.0000000000e1 5.0000000000e1
 5.0000000000e1 5.0000000000e1 5.0000000000e1 5.0000000000e1 5.0000000000e1 5.0000000000e1
 5.0000000000e1 5.0000000000e1 5.0000000000e1 5.0000000000e1 5.0000000000e1 5.0000000000e1
 5.0000000000e1 5.0000000000e1 2.0000000000e2 2.0000000000e2 2.0000000000e2 2.0000000000e2
 2.0000000000e2 2.0000000000e2 2.0000000000e2 2.0000000000e2 2.0000000000e2 2.0000000000e2
 2.0000000000e2 2.0000000000e2 2.0000000000e2 2.0000000000e2 2.0000000000e2 2.0000000000e2
 2.0000000000e2 2.0000000000e2 2.0000000000e2 2.0000000000e2 2.0000000000e2 2.0000000000e2
 2.0000000000e2 2.0000000000e2 2.0000000000e2 2.0000000000e2 2.0000000000e2 2.0000000000e2
 2.0000000000e2 2.0000000000e2 2.0000000000e2 2.0000000000e2 2.0000000000e2 2.0000000000e2
 2.0000000000e2 2.0000000000e2 2.0000000000e2 2.0000000000e2 2.0000000000e2 2.0000000000e2
 2.0000000000e2 2.0000000000e2 2.0000000000e2 2.0000000000e2 2.0000000000e2 2.0000000000e2
 2.0000000000e2 2.0000000000e2 2.0000000000e2 2.0000000000e2 2.0000000000e2 2.0000000000e2
 2.0000000000e2 2.0000000000e2 2.0000000000e2 2.0000000000e2 2.0000000000e2 2.0000000000e2
 2.0000000000e2 2.0000000000e2 2.0000000000e2 2.0000000000e2 2.0000000000e2 2.0000000000e2
 2.0000000000e2 2.0000000000e2 2.0000000000e2 2.0000000000e2 2.0000000000e2 2.0000000000e2
 2.0000000000e2 2.0000000000e2 2.0000000000e2 2.0000000000e2 2.0000000000e2 2.0000000000e2
 2.0000000000e2 2.0000000000e2 2.0000000000e2 2.0000000000e2 2.0000000000e2 2.0000000000e2
 2.0000000000e2 2.0000000000e2 2.0000000000e2 2.0000000000e2 2.0000000000e2 2.0000000000e2
 2.0000000000e2 2.0000000000e2 2.0000000000e2 2.0000000000e2 2.0000000000e2 2.0000000000e2
 2.0000000000e2 2.0000000000e2 2.0000000000e2 2.0000000000e2 2.0000000000e2 2.0000000000e2
 /
PERMZ
 5.0000000000e2 5.0000000000e2 5.0000000000e2 5.0000000000e2 5.0000000000e2 5.0000000000e2
 5.0000000000e2 5.0000000000e2 5.0000000000e2 5.0000000000e2 5.0000000000e2 5.0000000000e2
 5.0000000000e2 5.0000000000e2 5.0000000000e2 5.0000000000e2 5.0000000000e2 5.0000000000e2
 5.0000000000e2 5.0000000000e2 5.0000000000e2 5.0000000000e2 5.0000000000e2 5.0000000000e2
 5.0000000000e2 5.0000000000e2 5.0000000000e2 5.0000000000e2 5.0000000000e2 5.0000000000e2
 5.0000000000e2 5.0000000000e2 5.0000000000e2 5.0000000000e2 5.0000000000e2 5.0000000000e2
 5.0000000000e2 5.0000000000e2 5.0000000000e2 5.0000000000e2 5.0000000000e2 5.0000000000e2
 5.0000000000e2 5.0000000000e2 5.0000000000e2 5.0000000000e2 5.0000000000e2 5.0000000000e2
 5.0000000000e2 5.0000000000e2 5.0000000000e2 5.0000000000e2 5.0000000000e2 5.0000000000e2
 5.0000000000e2 5.0000000000e2 5.0000000000e2 5.0000000000e2 5.0000000000e2 5.0000000000e2
 5.0000000000e2 5.0000000000e2 5.0000000000e2 5.0000000000e2 5.0000000000e2 5.0000000000e2
 5.0000000000e2 5.0000000000e2 5.0000000000e2 5.0000000000e2 5.0000000000e2 5.0000000000e2
 5.0000000000e2 5.0000000000e2 5.0000000000e2 5.0000000000e2 5.0000000000e2 5.0000000000e2
 5.0000000000e2 5.0000000000e2 5.0000000000e2 5.0000000000e2 5.0000000000e2 5.0000000000e2
 5.0000000000e2 5.0000000000e2 5.0000000000e2 5.0000000000e2 5.0000000000e2 5.0000000000e2
 5.0000000000e2 5.0000000000e2 5.0000000000e2 5.0000000000e2 5.0000000000e2 5.0000000000e2
 5.0000000000e2 5.0000000000e2 5.0000000000e2 5.0000000000e2 5.0000000000e1 5.0000000000e1
 5.0000000000e1 5.0000000000e1 5.0000000000e1 5.0000000000e1 5.0000000000e1 5.0000000000e1
 5.0000000000e1 5.0000000000e1 5.0000000000e1 5.0000000000e1 5.0000000000e1 5.0000000000e1
 5.0000000000e1 5.0000000000e1 5.0000000000e1 5.0000000000e1 5.0000000000e1 5.0000000000e1
 5.0000000000e1 5.0000000000e1 5.0000000000e1 5.0000000000e1 5.0000000000e1 5.0000000000e1
 5.0000000000e1 5.0000000000e1 5.0000000000e1 5.0000000000e1 5.0000000000e1 5.0000000000e1
 5.0000000000e1 5.0000000000e1 5.0000000000e1 5.0000000000e1 5.0000000000e1 5.0000000000e1
 5.0000000000e1 5.0000000000e1 5.0000000000e1 5.0000000000e1 5.0000000000e1 5.0000000000e1
 5.0000000000e1 5.0000000000e1 5.0000000000e1 5.0000000000e1 5.0000000000e1 5.0000000000e1
 5.0000000000e1 5.0000000000e1 5.0000000000e1 5.0000000000e1 5.0000000000e1 5.0000000000e1
 5.0000000000e1 5.0000000000e1 5.0000000000e1 5.0000000000e1 5.0000000000e1 5.0000000000e1
 5.0000000000e1 5.0000000000e1 5.0000000000e1 5.0000000000e1 5.0000000000e1 5.0000000000e1
 5.0000000000e1 5.0000000000e1 5.0000000000e1 5.0000000000e1 5.0000000000e1 5.0000000000e1
 5.0000000000e1 5.0000000000e1 5.0000000000e1 5.0000000000e1 5.0000000000e1 5.0000000000e1
 5.0000000000e1 5.0000000000e1 5.0000000000e1 5.0000000000e1 5.0000000000e1 5.0000000000e1
 5.0000000000e1 5.0000000000e1 5.0000000000e1 5.0000000000e1 5.0000000000e1 5.0000000000e1
 5.0000000000e1 5.0000000000e1 5.0000000000e1 5.0000000000e1 5.0000000000e1 5.0000000000e1
 5.0000000000e1 5.0000000000e1 2.0000000000e2 2.0000000000e2 2.0000000000e2 2.0000000000e2
 2.0000000000e2 2.0000000000e2 2.0000000000e2 2.0000000000e2 2.0000000000e2 2.0000000000e2
 2.0000000000e2 2.0000000000e2 2.0000000000e2 2.0000000000e2 2.0000000000e2 2.0000000000e2
 2.0000000000e2 2.0000000000e2 2.0000000000e2 2.0000000000e2 2.0000000000e2 2.0000000000e2
 2.0000000000e2 2.0000000000e2 2.0000000000e2 2.0000000000e2 2.0000000000e2 2.0000000000e2
 2.0000000000e2 2.0000000000e2 2.0000000000e2 2.0000000000e2 2.0000000000e2 2.0000000000e2
 2.0000000000e2 2.0000000000e2 2.0000000000e2 2.0000000000e2 2.0000000000e2 2.0000000000e2
 2.0000000000e2 2.0000000000e2 2.0000000000e2 2.0000000000e2 2.0000000000e2 2.0000000000e2
 2.0000000000e2 2.0000000000e2 2.0000000000e2 2.0000000000e2 2.0000000000e2 2.0000000000e2
 2.0000000000e2 2.0000000000e2 2.0000000000e2 2.0000000000e2 2.0000000000e2 2.0000000000e2
 2.0000000000e2 2.0000000000e2 2.0000000000e2 2.0000000000e2 2.0000000000e2 2.0000000000e2
 2.0000000000e2 2.0000000000e2 2.0000000000e2 2.0000000000e2 2.0000000000e2 2.0000000000e2
 2.0000000000e2 2.0000000000e2 2.0000000000e2 2.0000000000e2 2.0000000000e2 2.0000000000e2
 2.0000000000e2 2.0000000000e2 2.0000000000e2 2.0000000000e2 2.0000000000e2 2.0000000000e2
 2.0000000000e2 2.0000000000e2 2.0000000000e2 2.0000000000e2 2.0000000000e2 2.0000000000e2
 2.0000000000e2 2.0000000000e2 2.0000000000e2 2.0000000000e2 2.0000000000e2 2.0000000000e2
 2.0000000000e2 2.0000000000e2 2.0000000000e2 2.0000000000e2 2.0000000000e2 2.0000000000e2
 /
PROPS
PVTW
  331 1.038 4.67e-5 0.318 0 /
ROCK
  1.01353 4.35e-5 /
DENSITY
  860 1033 0.854 /
STONE2
SWOF
  0.12000000 0.0000000000e0 1.0000000000e0 0
  0.12977778 7.5757575758e-9 1.0000000000e0 0
  0.13955556 1.5151515152e-8 1.0000000000e0 0
  0.14933333 2.2727272727e-8 1.0000000000e0 0
  0.15911111 3.0303030303e-8 1.0000000000e0 0
  0.16888889 3.7878787879e-8 1.0000000000e0 0
  0.17866667 4.5454545455e-8 1.0000000000e0 0
  0.18000000 4.6487603306e-8 1.0000000000e0 0
  0.18844444 6.6122681359e-8 9.9957777778e-1 0
  0.19822222 8.8858034894e-8 9.9908888889e-1 0
  0.20800000 1.1159338843e-7 9.9860000000e-1 0
  0.21777778 1.3432874197e-7 9.9811111111e-1 0
  0.22755556 1.5706409550e-7 9.9762222222e-1 0
  0.23733333 1.7979944904e-7 9.9713333333e-1 0
  0.24000000 1.8600000000e-7 9.9700000000e-1 0
  0.24711111 2.1354233242e-7 9.9498518519e-1 0
  0.25688889 2.5141303949e-7 9.9221481481e-1 0
  0.26666667 2.8928374656e-7 9.8944444444e-1 0
  0.27644444 3.2715445363e-7 9.8667407407e-1 0
  0.28622222 3.6502516070e-7 9.8390370370e-1 0
  0.29600000 4.0289586777e-7 9.8113333333e-1 0
  0.30000000 4.1838842975e-7 9.8000000000e-1 0
  0.30577778 4.4972451791e-7 9.5303703704e-1 0
  0.31555556 5.0275482094e-7 9.0740740741e-1 0
  0.32533333 5.5578512397e-7 8.6177777778e-1 0
  0.33511111 6.0881542700e-7 8.1614814815e-1 0
  0.34488889 6.6184573003e-7 7.7051851852e-1 0
  0.35466667 7.1487603306e-7 7.2488888889e-1 0
  0.36000000 7.4380165289e-7 7.0000000000e-1 0
  0.36444444 7.7479338843e-7 6.7407407407e-1 0
  0.37422222 8.4297520661e-7 6.1703703704e-1 0
  0.38400000 9.1115702479e-7 5.6000000000e-1 0
  0.39377778 9.7933884298e-7 5.0296296296e-1 0
  0.40355556 1.0475206612e-6 4.4592592593e-1 0
  0.41333333 1.1157024793e-6 3.8888888889e-1 0
  0.42000000 1.1621900826e-6 3.5000000000e-1 0
  0.42311111 1.1887052342e-6 3.4222222222e-1 0
  0.43288889 1.2720385675e-6 3.1777777778e-1 0
  0.44266667 1.3553719008e-6 2.9333333333e-1 0
  0.45244444 1.4387052342e-6 2.6888888889e-1 0
  0.46222222 1.5220385675e-6 2.4444444444e-1 0
  0.47200000 1.6053719008e-6 2.2000000000e-1 0
  0.48000000 1.6735537190e-6 2.0000000000e-1 0
  0.48177778 1.6914600551e-6 1.9674074074e-1 0
  0.49155556 1.7899449036e-6 1.7881481481e-1 0
  0.50133333 1.8884297521e-6 1.6088888889e-1 0
  0.51111111 1.9869146006e-6 1.4296296296e-1 0
  0.52088889 2.0853994490e-6 1.2503703704e-1 0
  0.53066667 2.1838842975e-6 1.0711111111e-1 0
  0.54000000 2.2778925620e-6 9.0000000000e-2 0
  0.54044444 2.2830578512e-6 8.9488888889e-2 0
  0.55022222 2.3966942149e-6 7.8244444444e-2 0
  0.56000000 2.5103305785e-6 6.7000000000e-2 0
  0.56977778 2.6239669421e-6 5.5755555556e-2 0
  0.57955556 2.7376033058e-6 4.4511111111e-2 0
  0.58933333 2.8512396694e-6 3.3266666667e-2 0
  0.59911111 2.9648760331e-6 2.2022222222e-2 0
  0.60000000 2.9752066116e-6 2.1000000000e-2 0
  0.60888889 3.0922865014e-6 1.9370370370e-2 0
  0.61866667 3.2210743802e-6 1.7577777778e-2 0
  0.62844444 3.3498622590e-6 1.5785185185e-2 0
  0.63822222 3.4786501377e-6 1.3992592593e-2 0
  0.64800000 3.6074380165e-6 1.2200000000e-2 0
  0.65777778 3.7362258953e-6 1.0407407407e-2 0
  0.66000000 3.7654958678e-6 1.0000000000e-2 0
  0.66755556 3.8767217631e-6 8.8666666667e-3 0
  0.67733333 4.0206611570e-6 7.4000000000e-3 0
  0.68711111 4.1646005510e-6 5.9333333333e-3 0
  0.69688889 4.3085399449e-6 4.4666666667e-3 0
  0.70666667 4.4524793388e-6 3.0000000000e-3 0
  0.71644444 4.5964187328e-6 1.5333333333e-3 0
  0.72000000 4.6487603306e-6 1.0000000000e-3 0
  0.72622222 4.7500000000e-6 9.0666666667e-4 0
  0.73600000 4.9090909091e-6 7.6000000000e-4 0
  0.74577778 5.0681818182e-6 6.1333333333e-4 0
  0.75555556 5.2272727273e-6 4.6666666667e-4 0
  0.76533333 5.3863636364e-6 3.2000000000e-4 0
  0.77511111 5.5454545455e-6 1.7333333333e-4 0
  0.78000000 5.6250000000e-6 1.0000000000e-4 0
  0.78488889 5.7121212121e-6 9.1851851852e-5 0
  0.79466667 5.8863636364e-6 7.5555555556e-5 0
  0.80444444 6.0606060606e-6 5.9259259259e-5 0
  0.81422222 6.2348484848e-6 4.2962962963e-5 0
  0.82400000 6.4090909091e-6 2.6666666667e-5 0
  0.83377778 6.5833333333e-6 1.0370370370e-5 0
  0.84000000 6.6942148760e-6 0.0000000000e0 0
  0.84355556 6.7635445363e-6 0.0000000000e0 0
  0.85333333 6.9542011019e-6 0.0000000000e0 0
  0.86311111 7.1448576676e-6 0.0000000000e0 0
  0.87288889 7.3355142332e-6 0.0000000000e0 0
  0.88000000 7.4741735537e-6 0.0000000000e0 0
  0.88266667 7.5261707989e-6 0.0000000000e0 0
  0.89244444 7.7168273646e-6 0.0000000000e0 0
  0.90222222 7.9074839302e-6 0.0000000000e0 0
  0.91000000 8.0591425620e-6 0.0000000000e0 0
  0.91200000 8.1022727273e-6 0.0000000000e0 0
  0.92177778 8.3131313131e-6 0.0000000000e0 0
  0.93155556 8.5239898990e-6 0.0000000000e0 0
  0.94133333 8.7348484848e-6 0.0000000000e0 0
  0.95111111 8.9457070707e-6 0.0000000000e0 0
  0.96088889 9.1565656566e-6 0.0000000000e0 0
  0.97066667 9.3674242424e-6 0.0000000000e0 0
  0.98044444 9.5782828283e-6 0.0000000000e0 0
  0.99022222 9.7891414141e-6 0.0000000000e0 0
  1.00000000 1.0000000000e-5 0.0000000000e0 0
/
SGOF
  0.00000000 0.0000000000e0 1.0000000000e0 0
  0.00100000 0.0000000000e0 1.0000000000e0 0
  0.00977778 0.0000000000e0 9.9861403509e-1 0
  0.01955556 0.0000000000e0 9.9707017544e-1 0
  0.02000000 0.0000000000e0 9.9700000000e-1 0
  0.02933333 1.5555555556e-3 9.9171111111e-1 0
  0.03911111 3.1851851852e-3 9.8617037037e-1 0
  0.04000000 3.3333333333e-3 9.8566666667e-1 0
  0.04888889 4.8148148148e-3 9.8062962963e-1 0
  0.05000000 5.0000000000e-3 9.8000000000e-1 0
  0.05866667 7.4761904762e-3 9.4533333333e-1 0
  0.06844444 1.0269841270e-2 9.0622222222e-1 0
  0.07822222 1.3063492063e-2 8.6711111111e-1 0
  0.08800000 1.5857142857e-2 8.2800000000e-1 0
  0.09777778 1.8650793651e-2 7.8888888889e-1 0
  0.10755556 2.1444444444e-2 7.4977777778e-1 0
  0.11733333 2.4238095238e-2 7.1066666667e-1 0
  0.12000000 2.5000000000e-2 7.0000000000e-1 0
  0.12711111 2.9444444444e-2 6.6888888889e-1 0
  0.13688889 3.5555555556e-2 6.2611111111e-1 0
  0.14666667 4.1666666667e-2 5.8333333333e-1 0
  0.15644444 4.7777777778e-2 5.4055555556e-1 0
  0.16622222 5.3888888889e-2 4.9777777778e-1 0
  0.17600000 6.0000000000e-2 4.5500000000e-1 0
  0.18577778 6.6111111111e-2 4.1222222222e-1 0
  0.19555556 7.2222222222e-2 3.6944444444e-1 0
  0.20000000 7.5000000000e-2 3.5000000000e-1 0
  0.20533333 8.0333333333e-2 3.3400000000e-1 0
  0.21511111 9.0111111111e-2 3.0466666667e-1 0
  0.22488889 9.9888888889e-2 2.7533333333e-1 0
  0.23466667 1.0966666667e-1 2.4600000000e-1 0
  0.24444444 1.1944444444e-1 2.1666666667e-1 0
  0.25000000 1.2500000000e-1 2.0000000000e-1 0
  0.25422222 1.3048888889e-1 1.9071111111e-1 0
  0.26400000 1.4320000000e-1 1.6920000000e-1 0
  0.27377778 1.5591111111e-1 1.4768888889e-1 0
  0.28355556 1.6862222222e-1 1.2617777778e-1 0
  0.29333333 1.8133333333e-1 1.0466666667e-1 0
  0.30000000 1.9000000000e-1 9.0000000000e-2 0
  0.30311111 1.9684444444e-1 8.7853333333e-2 0
  0.31288889 2.1835555556e-1 8.1106666667e-2 0
  0.32266667 2.3986666667e-1 7.4360000000e-2 0
  0.33244444 2.6137777778e-1 6.7613333333e-2 0
  0.34222222 2.8288888889e-1 6.0866666667e-2 0
  0.35200000 3.0440000000e-1 5.4120000000e-2 0
  0.36177778 3.2591111111e-1 4.7373333333e-2 0
  0.37155556 3.4742222222e-1 4.0626666667e-2 0
  0.38133333 3.6893333333e-1 3.3880000000e-2 0
  0.39111111 3.9044444444e-1 2.7133333333e-2 0
  0.40000000 4.1000000000e-1 2.1000000000e-2 0
  0.40088889 4.1337777778e-1 2.0804444444e-2 0
  0.41066667 4.5053333333e-1 1.8653333333e-2 0
  0.42044444 4.8768888889e-1 1.6502222222e-2 0
  0.43022222 5.2484444444e-1 1.4351111111e-2 0
  0.44000000 5.6200000000e-1 1.2200000000e-2 0
  0.44977778 5.9915555556e-1 1.0048888889e-2 0
  0.45000000 6.0000000000e-1 1.0000000000e-2 0
  0.45955556 6.2293333333e-1 8.2800000000e-3 0
  0.46933333 6.4640000000e-1 6.5200000000e-3 0
  0.47911111 6.6986666667e-1 4.7600000000e-3 0
  0.48888889 6.9333333333e-1 3.0000000000e-3 0
  0.49866667 7.1680000000e-1 1.2400000000e-3 0
  0.50000000 7.2000000000e-1 1.0000000000e-3 0
  0.50844444 7.3266666667e-1 9.2400000000e-4 0
  0.51822222 7.4733333333e-1 8.3600000000e-4 0
  0.52800000 7.6200000000e-1 7.4800000000e-4 0
  0.53777778 7.7666666667e-1 6.6000000000e-4 0
  0.54755556 7.9133333333e-1 5.7200000000e-4 0
  0.55733333 8.0600000000e-1 4.8400000000e-4 0
  0.56711111 8.2066666667e-1 3.9600000000e-4 0
  0.57688889 8.3533333333e-1 3.0800000000e-4 0
  0.58666667 8.5000000000e-1 2.2000000000e-4 0
  0.59644444 8.6466666667e-1 1.3200000000e-4 0
  0.60000000 8.7000000000e-1 1.0000000000e-4 0
  0.60622222 8.7435555556e-1 9.3777777778e-5 0
  0.61600000 8.8120000000e-1 8.4000000000e-5 0
  0.62577778 8.8804444444e-1 7.4222222222e-5 0
  0.63555556 8.9488888889e-1 6.4444444444e-5 0
  0.64533333 9.0173333333e-1 5.4666666667e-5 0
  0.65511111 9.0857777778e-1 4.4888888889e-5 0
  0.66488889 9.1542222222e-1 3.5111111111e-5 0
  0.67466667 9.2226666667e-1 2.5333333333e-5 0
  0.68444444 9.2911111111e-1 1.5555555556e-5 0
  0.69422222 9.3595555556e-1 5.7777777778e-6 0
  0.70000000 9.4000000000e-1 0.0000000000e0 0
  0.70400000 9.4106666667e-1 0.0000000000e0 0
  0.71377778 9.4367407407e-1 0.0000000000e0 0
  0.72355556 9.4628148148e-1 0.0000000000e0 0
  0.73333333 9.4888888889e-1 0.0000000000e0 0
  0.74311111 9.5149629630e-1 0.0000000000e0 0
  0.75288889 9.5410370370e-1 0.0000000000e0 0
  0.76266667 9.5671111111e-1 0.0000000000e0 0
  0.77244444 9.5931851852e-1 0.0000000000e0 0
  0.78222222 9.6192592593e-1 0.0000000000e0 0
  0.79200000 9.6453333333e-1 0.0000000000e0 0
  0.80177778 9.6714074074e-1 0.0000000000e0 0
  0.81155556 9.6974814815e-1 0.0000000000e0 0
  0.82133333 9.7235555556e-1 0.0000000000e0 0
  0.83111111 9.7496296296e-1 0.0000000000e0 0
  0.84088889 9.7757037037e-1 0.0000000000e0 0
  0.85000000 9.8000000000e-1 0.0000000000e0 0
  0.85066667 9.8008888889e-1 0.0000000000e0 0
  0.86044444 9.8139259259e-1 0.0000000000e0 0
  0.87022222 9.8269629630e-1 0.0000000000e0 0
  0.88000000 9.8400000000e-1 0.0000000000e0 0
/
PVTO
  0.18000000 1.0100 1.0620000000e0 1.0400000000e0
           11.0100 1.0598145318e0 1.0421446082e0
           26.0100 1.0565447593e0 1.0453698154e0
           51.0100 1.0511175409e0 1.0507673567e0
           101.0100 1.0403465958e0 1.0616461903e0
           621.5400 9.3456391723e-1 1.1818132282e0
  /
  2.49346087 3.5121 1.0739270615e0 1.0306870697e0
           13.5121 1.0717170488e0 1.0328124734e0
           28.5121 1.0684105543e0 1.0360087998e0
           53.5121 1.0629223841e0 1.0413580075e0
           103.5121 1.0520304732e0 1.0521394239e0
           621.5400 9.4554702273e-1 1.1706268535e0
  /
  4.80692173 6.0143 1.0861250657e0 1.0213335314e0
           16.0143 1.0838899510e0 1.0234396471e0
           31.0143 1.0805459003e0 1.0266069666e0
           56.0143 1.0749953937e0 1.0319076299e0
           106.0143 1.0639797690e0 1.0425912045e0
           621.5400 9.5677988150e-1 1.1594055962e0
  /
  7.12038260 8.5164 1.0986033510e0 1.0119391191e0
           18.5164 1.0963425575e0 1.0140258623e0
           33.5164 1.0929600876e0 1.0171640482e0
           58.5164 1.0873458123e0 1.0224159551e0
           108.5164 1.0762036312e0 1.0330012602e0
           621.5400 9.6827110175e-1 1.1481492169e0
  /
  9.43384346 11.0185 1.1113716900e0 1.0025035643e0
           21.0185 1.1090846208e0 1.0045708502e0
           36.0185 1.1056628387e0 1.0076797749e0
           61.0185 1.0999833124e0 1.0128827118e0
           111.0185 1.0887116331e0 1.0233693171e0
           621.5400 9.8002969193e-1 1.1368574744e0
  /
  11.74730433 13.5207 1.1244403149e0 9.9302659595e-1
           23.5207 1.1221263520e0 9.9507433919e-1
           38.5207 1.1186643332e0 9.9815387433e-1
           63.5207 1.1129180213e0 1.0033076263e0
           113.5207 1.1015137983e0 1.0136950985e0
           621.5400 9.9206508417e-1 1.1255301250e0
  /
  14.06076519 16.0228 1.1378199450e0 9.8350794095e-1
           26.0228 1.1354784484e0 9.8553605555e-1
           41.0228 1.1319752353e0 9.8858607181e-1
           66.0228 1.1261605485e0 9.9369042250e-1
           116.0228 1.1146206275e0 1.0039783256e0
           621.5400 1.0043871596e0 1.1141669232e0
  /
  16.12000000 18.2500 1.1500000000e0 9.7500000000e-1
           28.2500 1.1476334384e0 9.7701057018e-1
           43.2500 1.1440927243e0 9.8003420194e-1
           68.2500 1.1382157928e0 9.8509439690e-1
           118.2500 1.1265523401e0 9.9529330339e-1
           621.5400 1.0156047038e0 1.1040220627e0
  /
  16.37422606 18.5250 1.1508668110e0 9.7394207559e-1
           28.5250 1.1484984656e0 9.7595046420e-1
           43.5250 1.1449550827e0 9.7897081517e-1
           68.5250 1.1390737215e0 9.8402551956e-1
           118.5250 1.1274014774e0 9.9421335972e-1
           621.5400 1.0164277850e0 1.1027616788e0
  /
  18.68768692 21.0271 1.1588152685e0 9.6434714406e-1
           31.0271 1.1564305662e0 9.6633574673e-1
           46.0271 1.1528627109e0 9.6932634228e-1
           71.0271 1.1469407301e0 9.7433124952e-1
           121.0271 1.1351878717e0 9.8441872269e-1
           621.5400 1.0239754021e0 1.0913349993e0
  /
  21.00114779 23.5292 1.1668742817e0 9.5480986149e-1
           33.5292 1.1644729948e0 9.5677879712e-1
           48.5292 1.1608803268e0 9.5973981602e-1
           73.5292 1.1549171614e0 9.6469522530e-1
           123.5292 1.1430825675e0 9.7468293452e-1
           621.5400 1.0316282733e0 1.0799850102e0
  /
  23.31460866 26.0314 1.1750461730e0 9.4532970990e-1
           36.0314 1.1726280694e0 9.4727909628e-1
           51.0314 1.1690102411e0 9.5021071571e-1
           76.0314 1.1630053143e0 9.5511692354e-1
           126.0314 1.1510878399e0 9.6500546642e-1
           621.5400 1.0393886102e0 1.0687110163e0
  /
  25.62806952 28.5335 1.1833333310e0 9.3590617748e-1
           38.5335 1.1808981734e0 9.3783613137e-1
           53.5335 1.1772548299e0 9.4073852691e-1
           78.5335 1.1712075526e0 9.4559582714e-1
           128.5335 1.1592060288e0 9.5538579594e-1
           621.5400 1.0472586866e0 1.0575123307e0
  /
  27.94153039 31.0356 1.1917382116e0 9.2653875849e-1
           41.0356 1.1892857577e0 9.2844939561e-1
           56.0356 1.1856165366e0 9.3132274128e-1
           81.0356 1.1795263073e0 9.3613142513e-1
           131.0356 1.1674395400e0 9.4582340683e-1
           621.5400 1.0552408411e0 1.0463882746e0
  /
  30.25499125 33.5378 1.2002633412e0 9.1722695324e-1
           43.5378 1.1977933437e0 9.1911838827e-1
           58.5378 1.1940978747e0 9.2196285653e-1
           83.5378 1.1879640787e0 9.2672321264e-1
           133.5378 1.1757908485e0 9.3631778897e-1
           621.5400 1.0633374790e0 1.0353381775e0
  /
  32.06000000 35.4900 1.2070000000e0 9.1000000000e-1
           45.4900 1.2045161393e0 9.1187653216e-1
           60.4900 1.2007999289e0 9.1469858848e-1
           85.4900 1.1946317061e0 9.1942143711e-1
           135.4900 1.1823901517e0 9.2894041650e-1
           621.5400 1.0697357358e0 1.0267676055e0
  /
  32.60274025 36.0399 1.2083099327e0 9.0869624218e-1
           46.0399 1.2058233762e0 9.1057008584e-1
           61.0399 1.2021031327e0 9.1338809899e-1
           86.0399 1.1959282157e0 9.1810418119e-1
           136.0399 1.1836733758e0 9.2760952273e-1
           621.5400 1.0710180200e0 1.0251804121e0
  /
  35.07221237 38.5421 1.2143062142e0 9.0277560576e-1
           48.5421 1.2118073181e0 9.0463724033e-1
           63.5421 1.2080686128e0 9.0743689264e-1
           88.5421 1.2018630525e0 9.1212224707e-1
           138.5421 1.1895473975e0 9.2156565628e-1
           621.5400 1.0768879139e0 1.0179759787e0
  /
  37.54168449 41.0442 1.2203623061e0 8.9687371190e-1
           51.0442 1.2178509473e0 8.9872317604e-1
           66.0442 1.2140935960e0 9.0150452563e-1
           91.0442 1.2078570867e0 9.0615924956e-1
           141.0442 1.1954800101e0 9.1554092251e-1
           621.5400 1.0828166449e0 1.0107998214e0
  /
  40.01115662 43.5463 1.2264791076e0 8.9099047175e-1
           53.5463 1.2239551612e0 8.9282780393e-1
           68.5463 1.2201789770e0 8.9559090864e-1
           93.5463 1.2139112086e0 9.0021509889e-1
           143.5463 1.2014720946e0 9.0953523069e-1
           621.5400 1.0888050980e0 1.0036518021e0
  /
  42.48062874 46.0485 1.2326575364e0 8.8512579702e-1
           56.0485 1.2301208755e0 8.8695103551e-1
           71.0485 1.2263256686e0 8.8969595293e-1
           96.0485 1.2200263261e0 8.9428970584e-1
           146.0485 1.2075245497e0 9.0354849070e-1
           621.5400 1.0948541759e0 9.9653178330e-1
  /
  44.95010086 48.5506 1.2388985283e0 8.7927959996e-1
           58.5506 1.2363490243e0 8.8109278287e-1
           73.5506 1.2325346021e0 8.8381957029e-1
           98.5506 1.2262033658e0 8.8838298177e-1
           148.5506 1.2136382924e0 8.9758061297e-1
           621.5400 1.1009647995e0 9.8943962864e-1
  /
  47.41957298 51.0527 1.2452030387e0 8.7345179338e-1
           61.0527 1.2426405607e0 8.7525295864e-1
           76.0527 1.2388067277e0 8.7796167309e-1
           101.0527 1.2324432730e0 8.8249483859e-1
           151.0527 1.2198142583e0 8.9163150850e-1
           621.5400 1.1071379087e0 9.8237520251e-1
  /
  49.88904510 53.5549 1.2515720420e0 8.6764229065e-1
           63.5549 1.2489964574e0 8.6943147600e-1
           78.5549 1.2451430150e0 8.7212217425e-1
           103.5549 1.2387470123e0 8.7662518875e-1
           153.5549 1.2260534024e0 8.8570108884e-1
           621.5400 1.1133744623e0 9.7533837015e-1
  /
  52.35851722 56.0570 1.2580065331e0 8.6185100566e-1
           66.0570 1.2554177070e0 8.6362824867e-1
           81.0570 1.2515444536e0 8.6630098721e-1
           106.0570 1.2451155682e0 8.7077394528e-1
           156.0570 1.2323566988e0 8.7978926611e-1
           621.5400 1.1196754391e0 9.6832899766e-1
  /
  54.82798935 58.5592 1.2645075271e0 8.5607785287e-1
           68.5592 1.2619053228e0 8.5784319092e-1
           83.5592 1.2580120535e0 8.6049802599e-1
           108.5592 1.2515499457e0 8.6494102171e-1
           158.5592 1.2387251424e0 8.7389595296e-1
           621.5400 1.1260418380e0 9.6134695198e-1
  /
  57.29746147 61.0613 1.2710760605e0 8.5032274724e-1
           71.0613 1.2684603389e0 8.5207621755e-1
           86.0613 1.2645468459e0 8.5471320511e-1
           111.0613 1.2580511704e0 8.5912633216e-1
           161.0613 1.2451597481e0 8.6802106261e-1
           621.5400 1.1324746786e0 9.5439210090e-1
  /
  59.76693359 63.5634 1.2777131912e0 8.4458560428e-1
           73.5634 1.2750838112e0 8.4632724389e-1
           88.5634 1.2711498833e0 8.4894643965e-1
           113.5634 1.2646202895e0 8.5332979126e-1
           163.5634 1.2516615526e0 8.6216450880e-1
           621.5400 1.1389750018e0 9.4746431301e-1
  /
  62.23640571 66.0656 1.2844199994e0 8.3886634002e-1
           76.0656 1.2817768176e0 8.4059618581e-1
           91.0656 1.2778222402e0 8.4319764521e-1
           116.0656 1.2712583722e0 8.4755131416e-1
           166.0656 1.2582316139e0 8.5632620581e-1
           621.5400 1.1455438706e0 9.4056345774e-1
  /
  64.70587783 68.5677 1.2911975882e0 8.3316487104e-1
           78.5677 1.2885404590e0 8.3488295969e-1
           93.5677 1.2845650142e0 8.3746673792e-1
           118.5677 1.2779665101e0 8.4179081657e-1
           168.5677 1.2648710126e0 8.5050606847e-1
           621.5400 1.1521823702e0 9.3368940534e-1
  /
  66.08000000 69.9600 1.2950000000e0 8.3000000000e-1
           79.9600 1.2923350458e0 8.3171156230e-1
           94.9600 1.2883478939e0 8.3428552576e-1
           119.9600 1.2817299580e0 8.3859317890e-1
           169.9600 1.2685958960e0 8.4727532494e-1
           621.5400 1.1559068821e0 9.2987594129e-1
  /
  66.83990552 71.0698 1.2970368265e0 8.2766101484e-1
           81.0698 1.2943676808e0 8.2936775387e-1
           96.0698 1.2903742577e0 8.3193446375e-1
           121.0698 1.2837459129e0 8.3622997769e-1
           171.0698 1.2705911931e0 8.4488765697e-1
           621.5400 1.1579896547e0 9.2704352909e-1
  /
  68.55311643 73.5720 1.3016524518e0 8.2240914671e-1
           83.5720 1.2989738077e0 8.2410505574e-1
           98.5720 1.2949661736e0 8.2665547874e-1
           123.5720 1.2883142413e0 8.3092373578e-1
           173.5720 1.2751127092e0 8.3952647833e-1
           621.5400 1.1627096207e0 9.2068635469e-1
  /
  70.26632734 76.0741 1.3063010447e0 8.1718670535e-1
           86.0741 1.3036128343e0 8.1887184506e-1
           101.0741 1.2995908878e0 8.2140607243e-1
           126.0741 1.2929151994e0 8.2564722529e-1
           176.0741 1.2796665206e0 8.3419533893e-1
           621.5400 1.1674636095e0 9.1436841217e-1
  /
  71.97953825 78.5763 1.3109829596e0 8.1199344411e-1
           88.5763 1.3082851145e0 8.1366787468e-1
           103.5763 1.3042487528e0 8.1618599690e-1
           128.5763 1.2975491381e0 8.2040019704e-1
           178.5763 1.2842529748e0 8.2889398699e-1
           621.5400 1.1722519872e0 9.0808937000e-1
  /
  73.69274916 81.0784 1.3156985562e0 8.0682911912e-1
           91.0784 1.3129910069e0 8.0849290021e-1
           106.0784 1.3089401265e0 8.1099500703e-1
           131.0784 1.3022164133e0 8.1518240461e-1
           181.0784 1.2888724237e0 8.2362217358e-1
           621.5400 1.1770751250e0 9.0184890036e-1
  /
  75.40596008 83.5805 1.3204481991e0 8.0169348919e-1
           93.5805 1.3177308757e0 8.0334667998e-1
           108.5805 1.3136653717e0 8.0583286040e-1
           133.5805 1.3069173860e0 8.0999360435e-1
           183.5805 1.2935252250e0 8.1837965248e-1
           621.5400 1.1819333995e0 8.9564667904e-1
  /
  77.11917099 86.0827 1.3252322586e0 7.9658631585e-1
           96.0827 1.3225050901e0 7.9822897501e-1
           111.0827 1.3184248565e0 8.0069931726e-1
           136.0827 1.3116524225e0 8.0483355527e-1
           186.0827 1.2982117409e0 8.1316618024e-1
           621.5400 1.1868271927e0 8.8948238547e-1
  /
  78.83238190 88.5848 1.3300511099e0 7.9150736321e-1
           98.5848 1.3273140248e0 7.9313954895e-1
           113.5848 1.3232189546e0 7.9559414055e-1
           138.5848 1.3164218944e0 7.9970201908e-1
           188.5848 1.3029323394e0 8.0798151609e-1
           621.5400 1.1917568923e0 8.8335570257e-1
  /
  80.54559281 91.0869 1.3349051340e0 7.8645639801e-1
           101.0869 1.3321580599e0 7.8807816804e-1
           116.0869 1.3280480447e0 7.9051709578e-1
           141.0869 1.3212261787e0 7.9459876009e-1
           191.0869 1.3076873935e0 8.0282542190e-1
           621.5400 1.1967228916e0 8.7726631682e-1
  /
  82.25880372 93.5891 1.3397947174e0 7.8143318956e-1
           103.5891 1.3370375812e0 7.8304460112e-1
           118.5891 1.3329125115e0 7.8546795108e-1
           143.5891 1.3260656579e0 7.8952354522e-1
           193.5891 1.3124772819e0 7.9769766217e-1
           621.5400 1.2017255896e0 8.7121391808e-1
  /
  83.97201463 96.0912 1.3447202524e0 7.7643750968e-1
           106.0912 1.3419529799e0 7.7803861953e-1
           121.0912 1.3378127452e0 7.8044647709e-1
           146.0912 1.3309407202e0 7.8447614393e-1
           196.0912 1.3173023888e0 7.9259800399e-1
           621.5400 1.2067653913e0 8.6519819967e-1
  /
  85.68522554 98.5933 1.3496821368e0 7.7146913270e-1
           108.5933 1.3469046534e0 7.7305999714e-1
           123.5933 1.3427491416e0 7.7545244697e-1
           148.5933 1.3358517595e0 7.7945632821e-1
           198.5933 1.3221631040e0 7.8752621698e-1
           621.5400 1.2118427075e0 8.5921885823e-1
  /
  87.39843645 101.0955 1.3546807746e0 7.6652783540e-1
           111.0955 1.3518930045e0 7.6810851027e-1
           126.0955 1.3477221025e0 7.7048563634e-1
           151.0955 1.3407991755e0 7.7446387253e-1
           201.0955 1.3270598232e0 7.8248207326e-1
           621.5400 1.2169579552e0 8.5327559372e-1
  /
  89.11164737 103.5976 1.3597165755e0 7.6161339697e-1
           113.5976 1.3569184424e0 7.6318393767e-1
           128.5976 1.3527320358e0 7.6554582327e-1
           153.5976 1.3457833740e0 7.6949855381e-1
           203.5976 1.3319929478e0 7.7746534747e-1
           621.5400 1.2221115576e0 8.4736810936e-1
  /
  90.82485828 106.0998 1.3647899557e0 7.5672559904e-1
           116.0998 1.3619813822e0 7.5828606050e-1
           131.0998 1.3577793552e0 7.6063278825e-1
           156.0998 1.3508047665e0 7.6456015139e-1
           206.0998 1.3369628855e0 7.7247581665e-1
           621.5400 1.2273039442e0 8.4149611159e-1
  /
  92.53806919 108.6019 1.3699013373e0 7.5186422556e-1
           118.6019 1.3670822452e0 7.5341466227e-1
           133.6019 1.3628644809e0 7.5574631412e-1
           158.6019 1.3558637711e0 7.5964844701e-1
           208.6019 1.3419700497e0 7.6751326027e-1
           621.5400 1.2325355509e0 8.3565931002e-1
  /
  94.25128010 111.1040 1.3750511489e0 7.4702906282e-1
           121.1040 1.3722214591e0 7.4856952883e-1
           136.1040 1.3679878391e0 7.5088618607e-1
           161.1040 1.3609608118e0 7.5476322473e-1
           211.1040 1.3470148604e0 7.6257746017e-1
           621.5400 1.2378068202e0 8.2985741742e-1
  /
  95.96449101 113.6062 1.3802398255e0 7.4221989943e-1
           123.6062 1.3773994580e0 7.4375044834e-1
           138.6062 1.3731498627e0 7.4605219159e-1
           163.6062 1.3660963194e0 7.4990427097e-1
           213.6062 1.3520977437e0 7.5766820056e-1
           621.5400 1.2431182013e0 8.2409014961e-1
  /
  97.67770192 116.1083 1.3854678088e0 7.3743652623e-1
           126.1083 1.3826166828e0 7.3895721124e-1
           141.1083 1.3783509911e0 7.4124412047e-1
           166.1083 1.3712707308e0 7.4507137442e-1
           216.1083 1.3572191323e0 7.5278526793e-1
           621.5400 1.2484701501e0 8.1835722548e-1
  /
  99.39091283 118.6104 1.3907355471e0 7.3267873632e-1
           128.6104 1.3878735807e0 7.3418961018e-1
           143.6104 1.3835916703e0 7.3646176475e-1
           168.6104 1.3764844899e0 7.4026432603e-1
           218.6104 1.3623794652e0 7.4792845107e-1
           621.5400 1.2538631295e0 8.1265836695e-1
  /
  101.10412375 121.1126 1.3960434956e0 7.2794632500e-1
           131.1126 1.3931706061e0 7.2944744005e-1
           146.1126 1.3888723532e0 7.3170491865e-1
           171.1126 1.3817380472e0 7.3548291898e-1
           221.1126 1.3675791886e0 7.4309754103e-1
           621.5400 1.2592976096e0 8.0699329887e-1
  /
  102.81733466 123.6147 1.4013921165e0 7.2323908977e-1
           133.6147 1.3985082202e0 7.2473049792e-1
           148.6147 1.3941934995e0 7.2697337862e-1
           173.6147 1.3870318600e0 7.3072694867e-1
           223.6147 1.3728187550e0 7.3829233108e-1
           621.5400 1.2647740674e0 8.0136174903e-1
  /
  104.53054557 126.1169 1.4067818791e0 7.1855683025e-1
           136.1169 1.4038868913e0 7.2003858300e-1
           151.1169 1.3995555761e0 7.2226694326e-1
           176.1169 1.3923663929e0 7.2599621265e-1
           226.1169 1.3780986242e0 7.3351261667e-1
           621.5400 1.2702929875e0 7.9576344814e-1
  /
  106.24375648 128.6190 1.4122132598e0 7.1389934818e-1
           138.6190 1.4093070949e0 7.1537149663e-1
           153.6190 1.4049590571e0 7.1758541330e-1
           178.6190 1.3977421176e0 7.2129051061e-1
           228.6190 1.3834192631e0 7.2875819543e-1
           621.5400 1.2758548619e0 7.9019812972e-1
  /
  107.95696739 131.1211 1.4176867427e0 7.0926644742e-1
           141.1211 1.4147693140e0 7.1072904226e-1
           156.1211 1.4104044240e0 7.1292859155e-1
           181.1211 1.4031595129e0 7.1660964438e-1
           231.1211 1.3887811456e0 7.2402886712e-1
           621.5400 1.2814601903e0 7.8466553013e-1
  /
  109.67017830 133.6233 1.4232028190e0 7.0465793388e-1
           143.6233 1.4202740389e0 7.0611102539e-1
           158.6233 1.4158921656e0 7.0829628294e-1
           183.6233 1.4086190653e0 7.1195341784e-1
           233.6233 1.3941847532e0 7.1932443361e-1
           621.5400 1.2871094799e0 7.7916538850e-1
  /
  111.38338921 136.1254 1.4287619881e0 7.0007361549e-1
           146.1254 1.4258217679e0 7.0151725357e-1
           161.1254 1.4214227785e0 7.0368829442e-1
           186.1254 1.4141212687e0 7.0732163696e-1
           236.1254 1.3996305749e0 7.1464469885e-1
           621.5400 1.2928032462e0 7.7369744670e-1
  /
  113.09660013 138.6275 1.4343647567e0 6.9551330222e-1
           148.6275 1.4314130067e0 6.9694753638e-1
           163.6275 1.4269967671e0 6.9910443496e-1
           188.6275 1.4196666251e0 7.0271410973e-1
           238.6275 1.4051191072e0 7.0998946884e-1
           621.5400 1.2985420126e0 7.6826144931e-1
  /
  113.29000000 138.9100 1.4350000000e0 6.9500000000e-1
           148.9100 1.4320469427e0 6.9643317566e-1
           163.9100 1.4276287473e0 6.9858848241e-1
           188.9100 1.4202953589e0 7.0219549318e-1
           238.9100 1.4057413983e0 7.0946548293e-1
           621.5400 1.2991926969e0 7.6764978925e-1
  /
  114.88311922 141.1297 1.4390154677e0 6.9140176933e-1
           151.1297 1.4360541471e0 6.9282752500e-1
           166.1297 1.4316235885e0 6.9497167306e-1
           191.1297 1.4242696796e0 6.9856000921e-1
           241.1297 1.4096749936e0 7.0579235997e-1
           621.5400 1.3034240029e0 7.6332631460e-1
  /
  116.67896696 143.6318 1.4435689433e0 6.8736625153e-1
           153.6318 1.4405982521e0 6.8878368546e-1
           168.6318 1.4361536739e0 6.9091531873e-1
           193.6318 1.4287764950e0 6.9448271077e-1
           243.6318 1.4141356270e0 7.0167284833e-1
           621.5400 1.3082225633e0 7.5847994158e-1
  /
  118.47481471 146.1340 1.4481513274e0 6.8335239369e-1
           156.1340 1.4451712062e0 6.8476155056e-1
           171.1340 1.4407125194e0 6.8688073620e-1
           196.1340 1.4333119228e0 6.9042729655e-1
           246.1340 1.4186245797e0 6.9757544749e-1
           621.5400 1.3130519368e0 7.5366224917e-1
  /
  120.27066245 148.6361 1.4527628963e0 6.7936002192e-1
           158.6361 1.4497732851e0 6.8076094602e-1
           173.6361 1.4453003998e0 6.8286775068e-1
           198.6361 1.4378762364e0 6.8639359084e-1
           248.6361 1.4231421221e0 6.9349997990e-1
           621.5400 1.3179124182e0 7.4887300507e-1
  /
  122.06651020 151.1382 1.4574039296e0 6.7538896414e-1
           161.1382 1.4544047677e0 6.7678169943e-1
           176.1382 1.4499175933e0 6.7887618920e-1
           201.1382 1.4424697124e0 6.8238141980e-1
           251.1382 1.4276885282e0 6.8944626994e-1
           621.5400 1.3228043057e0 7.4411197948e-1
  /
  123.86235794 153.6404 1.4620747108e0 6.7143905013e-1
           163.6404 1.4590659370e0 6.7282364021e-1
           178.6404 1.4545643817e0 6.7490588066e-1
           203.6404 1.4470926314e0 6.7839061143e-1
           253.6404 1.4322640755e0 6.8541414382e-1
           621.5400 1.3277279014e0 7.3937894502e-1
  /
  125.65820569 156.1425 1.4667755266e0 6.6751011147e-1
           166.1425 1.4637570791e0 6.6888659959e-1
           181.1425 1.4592410506e0 6.7095665577e-1
           206.1425 1.4517452773e0 6.7442099557e-1
           256.1425 1.4368690451e0 6.8140342963e-1
           621.5400 1.3326835114e0 7.3467367676e-1
  /
  127.45405343 158.6446 1.4715066677e0 6.6360198151e-1
           168.6446 1.4684784841e0 6.6497041059e-1
           183.6446 1.4639478889e0 6.6702834704e-1
           208.6446 1.4564279378e0 6.7047240386e-1
           258.6446 1.4415037217e0 6.7741395725e-1
           621.5400 1.3376714456e0 7.2999595211e-1
  /
  129.24990118 161.1468 1.4762684286e0 6.5971449540e-1
           171.1468 1.4732304458e0 6.6107490800e-1
           186.1468 1.4686851898e0 6.6312078872e-1
           211.1468 1.4611409043e0 6.6654466971e-1
           261.1468 1.4461683937e0 6.7344555838e-1
           621.5400 1.3426920180e0 7.2534555088e-1
  /
  131.04574892 163.6489 1.4810611074e0 6.5584748997e-1
           173.6489 1.4780132619e0 6.5719992834e-1
           188.6489 1.4734532497e0 6.5923381686e-1
           213.6489 1.4658844718e0 6.6263762830e-1
           263.6489 1.4508633533e0 6.6949806648e-1
           621.5400 1.3477455467e0 7.2072225517e-1
  /
  132.84159667 166.1510 1.4858850062e0 6.5200080382e-1
           176.1510 1.4828272337e0 6.5334530985e-1
           191.1510 1.4782523694e0 6.5536726917e-1
           216.1510 1.4706589395e0 6.5875111654e-1
           266.1510 1.4555888964e0 6.6557131677e-1
           621.5400 1.3528323538e0 7.1612584939e-1
  /
  134.63744441 168.6532 1.4907404312e0 6.4817427721e-1
           178.6532 1.4876726668e0 6.4951089247e-1
           193.6532 1.4830828532e0 6.5152098512e-1
           218.6532 1.4754646103e0 6.5488497302e-1
           268.6532 1.4603453228e0 6.6166514620e-1
           621.5400 1.3579527659e0 7.1155612019e-1
  /
  136.43329216 171.1553 1.4956276923e0 6.4436775208e-1
           181.1553 1.4925498705e0 6.4569651781e-1
           196.1553 1.4879450096e0 6.4769480581e-1
           221.1553 1.4803017910e0 6.5103903807e-1
           271.1553 1.4651329362e0 6.5777939340e-1
           621.5400 1.3631071136e0 7.0701285647e-1
  /
  138.03000000 173.3800 1.5000000000e0 6.4100000000e-1
           183.3800 1.4969131805e0 6.4232182101e-1
           198.3800 1.4922948578e0 6.4430966507e-1
           223.3800 1.4846292950e0 6.4763641889e-1
           273.3800 1.4694160958e0 6.5434154613e-1
           621.5400 1.3677186709e0 7.0299544817e-1
  /
  138.25224142 173.6575 1.5005016422e0 6.4060881243e-1
           183.6575 1.4974137904e0 6.4192982676e-1
           198.6575 1.4927939232e0 6.4391645769e-1
           223.6575 1.4851257968e0 6.4724118126e-1
           273.6575 1.4699075099e0 6.5394221652e-1
           621.5400 1.3682542772e0 7.0252627097e-1
  /
  140.25641912 176.1596 1.5050406642e0 6.3709080658e-1
           186.1596 1.5019434716e0 6.3840456635e-1
           201.1596 1.4973096293e0 6.4038028738e-1
           226.1596 1.4896183068e0 6.4368675270e-1
           276.1596 1.4743539845e0 6.5035098815e-1
           621.5400 1.3731008195e0 6.9830820656e-1
  /
  142.26059681 178.6617 1.5096072306e0 6.3359022977e-1
           188.6617 1.5065006406e0 6.3489677091e-1
           203.6617 1.5018527383e0 6.3686163609e-1
           228.6617 1.4941380790e0 6.4014993361e-1
           278.6617 1.4788274419e0 6.4677755157e-1
           621.5400 1.3779771383e0 6.9411339672e-1
  /
  144.26477451 181.1639 1.5142015929e0 6.3010695278e-1
           191.1639 1.5110855482e0 6.3140631098e-1
           206.1639 1.5064235004e0 6.3336037396e-1
           231.1639 1.4986853622e0 6.3663059347e-1
           281.1639 1.4833281285e0 6.4322177490e-1
           621.5400 1.3828835057e0 6.8994166730e-1
  /
  146.26895221 183.6660 1.5188240057e0 6.2664084770e-1
           193.6660 1.5156984486e0 6.2793305836e-1
           208.6660 1.5110221690e0 6.2987637239e-1
           233.6660 1.5032604085e0 6.3312860301e-1
           283.6660 1.4878562937e0 6.3968352753e-1
           621.5400 1.3878201969e0 6.8579284586e-1
  /
  148.27312991 186.1681 1.5234747266e0 6.2319178785e-1
           196.1681 1.5203395989e0 6.2447688613e-1
           211.1681 1.5156490003e0 6.2640950406e-1
           236.1681 1.5078634729e0 6.2964383426e-1
           286.1681 1.4924121898e0 6.3616268018e-1
           621.5400 1.3927874909e0 6.8166676167e-1
  /
  150.27730761 188.6703 1.5281540165e0 6.1975964781e-1
           198.6703 1.5250092595e0 6.2103766859e-1
           213.6703 1.5203042538e0 6.2295964291e-1
           238.6703 1.5124948135e0 6.2617616049e-1
           288.6703 1.4969960724e0 6.3265910480e-1
           621.5400 1.3977856697e0 6.7756324565e-1
  /
  152.28148530 191.1724 1.5328621395e0 6.1634430338e-1
           201.1724 1.5297076937e0 6.1761528130e-1
           216.1724 1.5249881923e0 6.1952666408e-1
           241.1724 1.5171546917e0 6.2272545622e-1
           291.1724 1.5016082002e0 6.2917267460e-1
           621.5400 1.4028150190e0 6.7348213040e-1
  /
  154.28566300 193.6746 1.5375993629e0 6.1294563156e-1
           203.6746 1.5344351684e0 6.1420960101e-1
           218.6746 1.5297010817e0 6.1611044396e-1
           243.6746 1.5218433721e0 6.1929159719e-1
           293.6746 1.5062488351e0 6.2570326404e-1
           621.5400 1.4078758280e0 6.6942325014e-1
  /
  156.28984070 196.1767 1.5423659572e0 6.0956351059e-1
           206.1767 1.5391919537e0 6.1082050568e-1
           221.1767 1.5344431912e0 6.1271086014e-1
           246.1767 1.5265611225e0 6.1587446034e-1
           296.1767 1.5109182421e0 6.2225074880e-1
           621.5400 1.4129683894e0 6.6538644073e-1
  /
  158.29401840 198.6788 1.5471621966e0 6.0619781984e-1
           208.6788 1.5439783230e0 6.0744787446e-1
           223.6788 1.5392147934e0 6.0932779137e-1
           248.6788 1.5313082142e0 6.1247392383e-1
           298.6788 1.5156166896e0 6.1881500576e-1
           621.5400 1.4180929997e0 6.6137153959e-1
  /
  160.29819609 201.1810 1.5519883584e0 6.0284843988e-1
           211.1810 1.5487945532e0 6.0409158767e-1
           226.1810 1.5440161644e0 6.0596111761e-1
           251.1810 1.5360849216e0 6.0908986699e-1
           301.1810 1.5203444495e0 6.1539591300e-1
           621.5400 1.4232499590e0 6.5737838575e-1
  /
  162.30237379 203.6831 1.5568447236e0 5.9951525244e-1
           213.6831 1.5536409245e0 6.0075152679e-1
           228.6831 1.5488475835e0 6.0261071998e-1
           253.6831 1.5408915229e0 6.0572217029e-1
           303.6831 1.5251017969e0 6.1199334978e-1
           621.5400 1.4284395712e0 6.5340681978e-1
  /
  164.30655149 206.1852 1.5617315764e0 5.9619814037e-1
           216.1852 1.5585177208e0 5.9742757442e-1
           231.1852 1.5537093338e0 5.9927648071e-1
           256.1852 1.5457282996e0 6.0237071540e-1
           306.1852 1.5298890104e0 6.0860719651e-1
           621.5400 1.4336621439e0 6.4945668379e-1
  /
  165.64000000 207.8500 1.5650000000e0 5.9400000000e-1
           217.8500 1.5617794183e0 5.9522490122e-1
           232.8500 1.5569609683e0 5.9706699072e-1
           257.8500 1.5489632311e0 6.0014981719e-1
           307.8500 1.5330907932e0 6.0636330484e-1
           621.5400 1.4371553149e0 6.4684031737e-1
  /
  166.37559144 208.6874 1.5664592966e0 5.9290379052e-1
           218.6874 1.5632345067e0 5.9418540947e-1
           233.6874 1.5584099133e0 5.9611298836e-1
           258.6874 1.5504023810e0 5.9933940410e-1
           308.6874 1.5345119700e0 6.0584426374e-1
           621.5400 1.4387456226e0 6.4773360557e-1
  /
  168.57358133 211.1895 1.5708360199e0 5.8964016968e-1
           221.1895 1.5675985954e0 5.9108943522e-1
           236.1895 1.5627555586e0 5.9326996064e-1
           261.1895 1.5547186223e0 5.9692191789e-1
           311.1895 1.5387742716e0 6.0429290447e-1
           621.5400 1.4435155578e0 6.5043086552e-1
  /
  170.77157121 213.6917 1.5752372692e0 5.8639429259e-1
           223.6917 1.5719871188e0 5.8800849123e-1
           238.6917 1.5671255074e0 5.9043824871e-1
           263.6917 1.5590589631e0 5.9451052025e-1
           313.6917 1.5430603172e0 6.0274089393e-1
           621.5400 1.4483126482e0 6.5317091801e-1
  /
  172.96956110 216.1938 1.5796632510e0 5.8316601495e-1
           226.1938 1.5764002827e0 5.8494246830e-1
           241.1938 1.5715199641e0 5.8761778514e-1
           266.1938 1.5634236058e0 5.9210518820e-1
           316.1938 1.5473703060e0 6.0118823171e-1
           621.5400 1.4531371233e0 6.5595473808e-1
  /
  175.16755098 218.6959 1.5841141744e0 5.7995519401e-1
           228.6959 1.5808382952e0 5.8189125830e-1
           243.6959 1.5759391357e0 5.8480850306e-1
           268.6959 1.5678127550e0 5.8970589889e-1
           318.6959 1.5517044390e0 5.9963491741e-1
           621.5400 1.4579892150e0 6.5878333067e-1
  /
  177.36554086 221.1981 1.5885902509e0 5.7676168855e-1
           231.1981 1.5853013668e0 5.7885475414e-1
           246.1981 1.5803832310e0 5.8201033608e-1
           271.1981 1.5722266178e0 5.8731262959e-1
           321.1981 1.5560629197e0 5.9808095061e-1
           621.5400 1.4628691580e0 6.6165773178e-1
  /
  179.56353075 223.7002 1.5930916944e0 5.7358535888e-1
           233.7002 1.5897897103e0 5.7583284976e-1
           248.7002 1.5848524616e0 5.7922321839e-1
           273.7002 1.5766654035e0 5.8492535765e-1
           323.7002 1.5604459539e0 5.9652633091e-1
           621.5400 1.4677771897e0 6.6457900968e-1
  /
  181.76152063 226.2023 1.5976187210e0 5.7042606680e-1
           236.2023 1.5943035410e0 5.7282544013e-1
           251.2023 1.5893470414e0 5.7644708467e-1
           276.2023 1.5811293237e0 5.8254406056e-1
           326.2023 1.5648537496e0 5.9497105788e-1
           621.5400 1.4727135500e0 6.6754826614e-1
  /
  183.95951051 228.7045 1.6021715494e0 5.6728367560e-1
           238.7045 1.5988430765e0 5.6983242119e-1
           253.7045 1.5938671866e0 5.7368187010e-1
           278.7045 1.5856185925e0 5.8016871593e-1
           328.7045 1.5692865173e0 5.9341513113e-1
           621.5400 1.4776784819e0 6.7056663780e-1
  /
  186.15750040 231.2066 1.6067504010e0 5.6415805003e-1
           241.2066 1.6034085371e0 5.6685368991e-1
           256.2066 1.5984131159e0 5.7092751039e-1
           281.2066 1.5901334265e0 5.7779930145e-1
           331.2066 1.5737444698e0 5.9185855023e-1
           621.5400 1.4826722308e0 6.7363529756e-1
  /
  188.35549028 233.7087 1.6113554994e0 5.6104905626e-1
           243.7087 1.6080001456e0 5.6388914422e-1
           258.7088 1.6029850506e0 5.6818394176e-1
           283.7088 1.5946740447e0 5.7543579496e-1
           333.7088 1.5782278223e0 5.9030131477e-1
           621.5400 1.4876950450e0 6.7675545598e-1
  /
  190.55348017 236.2109 1.6159870709e0 5.5795656190e-1
           246.2109 1.6126181271e0 5.6093868304e-1
           261.2109 1.6075832145e0 5.6545110091e-1
           286.2109 1.5992406686e0 5.7307817437e-1
           336.2109 1.5827367925e0 5.8874342435e-1
           621.5400 1.4927471759e0 6.7992836287e-1
  /
  192.75147005 238.7130 1.6206453446e0 5.5488043595e-1
           248.7130 1.6172627096e0 5.5800220622e-1
           263.7130 1.6122078340e0 5.6272892504e-1
           288.7130 1.6038335222e0 5.7072641774e-1
           338.7130 1.5872716007e0 5.8718487854e-1
           621.5400 1.4978288775e0 6.8315530887e-1
  /
  194.94945993 241.2152 1.6253305519e0 5.5182054880e-1
           251.2152 1.6219341235e0 5.5507961457e-1
           266.2152 1.6168591381e0 5.6001735185e-1
           291.2152 1.6084528321e0 5.6838050321e-1
           341.2152 1.5918324695e0 5.8562567694e-1
           621.5400 1.5029404070e0 6.8643762711e-1
  /
  197.14744982 243.7173 1.6300429272e0 5.4877677220e-1
           253.7173 1.6266326021e0 5.5217080985e-1
           268.7173 1.6215373583e0 5.5731631951e-1
           293.7173 1.6130988278e0 5.6604040904e-1
           343.7173 1.5964196242e0 5.8406581912e-1
           621.5400 1.5080820244e0 6.8977669501e-1
  /
  199.34543970 246.2194 1.6347827075e0 5.4574897926e-1
           256.2194 1.6313583812e0 5.4927569473e-1
           271.2194 1.6262427289e0 5.5462576667e-1
           296.2194 1.6177717409e0 5.6370611359e-1
           346.2194 1.6010332928e0 5.8250530468e-1
           621.5400 1.5132539928e0 6.9317393611e-1
  /
  201.54342958 248.7216 1.6395501324e0 5.4273704439e-1
           258.7216 1.6361116996e0 5.4639417279e-1
           273.7216 1.6309754871e0 5.5194563247e-1
           298.7216 1.6224718063e0 5.6137759534e-1
           348.7216 1.6056737058e0 5.8094413321e-1
           621.5400 1.5184565783e0 6.9663082201e-1
  /
  203.74141947 251.2237 1.6443454447e0 5.3974084334e-1
           261.2237 1.6408927985e0 5.4352614853e-1
           276.2237 1.6357358727e0 5.4927585650e-1
           301.2237 1.6271992611e0 5.5905483287e-1
           351.2237 1.6103410964e0 5.7938230428e-1
           621.5400 1.5236900503e0 7.0014887444e-1
  /
  205.93940935 253.7258 1.6491688896e0 5.3676025314e-1
           263.7258 1.6457019222e0 5.4067152732e-1
           278.7258 1.6405241282e0 5.4661637883e-1
           303.7258 1.6319543456e0 5.5673780486e-1
           353.7258 1.6150357005e0 5.7781981748e-1
           621.5400 1.5289546812e0 7.0372966741e-1
  /
  208.13739923 256.2280 1.6540207155e0 5.3379515211e-1
           266.2280 1.6505393180e0 5.3783021543e-1
           281.2280 1.6453404991e0 5.4396714000e-1
           306.2280 1.6367373025e0 5.5442649011e-1
           356.2280 1.6197577569e0 5.7625667239e-1
           621.5400 1.5342507466e0 7.0737482944e-1
  /
  210.33538912 258.7301 1.6589011736e0 5.3084541982e-1
           268.7301 1.6554052358e0 5.3500212001e-1
           283.7301 1.6501852338e0 5.4132808098e-1
           308.7301 1.6415483779e0 5.5212086750e-1
           358.7301 1.6245075071e0 5.7469286860e-1
           621.5400 1.5395785255e0 7.1108604598e-1
  /
  212.53337900 261.2323 1.6638105181e0 5.2791093709e-1
           271.2323 1.6602999287e0 5.3218714904e-1
           286.2323 1.6550585835e0 5.3869914321e-1
           311.2323 1.6463878202e0 5.4982091604e-1
           361.2323 1.6292851953e0 5.7312840570e-1
           621.5400 1.5449383001e0 7.1486506192e-1
  /
  214.73136889 263.7344 1.6687490063e0 5.2499158598e-1
           273.7344 1.6652236525e0 5.2938521137e-1
           288.7344 1.6599608026e0 5.3608026859e-1
           313.7344 1.6512558813e0 5.4752661482e-1
           363.7344 1.6340910689e0 5.7156328326e-1
           621.5400 1.5503303561e0 7.1871368420e-1
  /
  216.92935877 266.2365 1.6737168983e0 5.2208724974e-1
           276.2365 1.6701766665e0 5.2659621671e-1
           291.2365 1.6648921484e0 5.3347139943e-1
           316.2365 1.6561528155e0 5.4523794306e-1
           366.2365 1.6389253779e0 5.6999750086e-1
           621.5400 1.5557549823e0 7.2263378460e-1
  /
  219.12734865 268.7387 1.6787144577e0 5.1919781282e-1
           278.7387 1.6751592327e0 5.2382007558e-1
           293.7387 1.6698528811e0 5.3087247852e-1
           318.7387 1.6610788807e0 5.4295488005e-1
           368.7387 1.6437883756e0 5.6843105810e-1
           621.5400 1.5612124712e0 7.2662730272e-1
  /
  221.32533854 271.2408 1.6837419509e0 5.1632316089e-1
           281.2408 1.6801716164e0 5.2105669931e-1
           296.2408 1.6748432643e0 5.2828344905e-1
           321.2408 1.6660343375e0 5.4067740522e-1
           371.2408 1.6486803179e0 5.6686395455e-1
           621.5400 1.5667031189e0 7.3069624901e-1
  /
  223.52332842 273.7429 1.6887996478e0 5.1346318074e-1
           283.7429 1.6852140860e0 5.1830600009e-1
           298.7429 1.6798635646e0 5.2570425467e-1
           323.7429 1.6710194498e0 5.3840549805e-1
           373.7429 1.6536014642e0 5.6529618980e-1
           621.5400 1.5722272248e0 7.3484270811e-1
  /
  225.72131830 276.2451 1.6938878212e0 5.1061776033e-1
           286.2451 1.6902869134e0 5.1556789086e-1
           301.2451 1.6849140519e0 5.2313483943e-1
           326.2451 1.6760344846e0 5.3613913817e-1
           376.2451 1.6585520767e0 5.6372776342e-1
           621.5400 1.5777850920e0 7.3906884222e-1
  /
  226.20000000 276.7900 1.6950000000e0 5.1000000000e-1
           286.7900 1.6913957342e0 5.1497324215e-1
           301.7900 1.6860179846e0 5.2257655945e-1
           326.7900 1.6771306610e0 5.3564630035e-1
           376.7900 1.6596341622e0 5.6338610128e-1
           621.5400 1.5790000000e0 7.4000000000e-1
  /
  227.95933832 278.7472 1.6984838920e0 5.0817782554e-1
           288.7472 1.6948834823e0 5.1315419844e-1
           303.7472 1.6895113974e0 5.2076321373e-1
           328.7472 1.6806332018e0 5.3384532551e-1
           378.7472 1.6631538229e0 5.6162218220e-1
           621.5400 1.5831182172e0 7.3526956017e-1
  /
  230.20850333 281.2494 1.7029586653e0 5.0585640728e-1
           291.2494 1.6993632767e0 5.1083651902e-1
           306.2494 1.6939985694e0 5.1845241360e-1
           331.2494 1.6851322667e0 5.3154963987e-1
           381.2494 1.6676752118e0 5.5937237858e-1
           621.5400 1.5884121502e0 7.2939463351e-1
  /
  232.45766834 283.7515 1.7074570792e0 5.0354400453e-1
           293.7515 1.7038668151e0 5.0852756241e-1
           308.7515 1.6985096397e0 5.1614988618e-1
           333.7515 1.6896554844e0 5.2926144790e-1
           383.7515 1.6722212510e0 5.5712840890e-1
           621.5400 1.5937390274e0 7.2370786397e-1
  /
  234.70683335 286.2536 1.7119793213e0 5.0124056487e-1
           296.2536 1.7083942869e0 5.0622727945e-1
           311.2536 1.7030447999e0 5.1385558713e-1
           336.2536 1.6942030497e0 5.2698071296e-1
           386.2536 1.6767921427e0 5.5489025051e-1
           621.5400 1.5990991121e0 7.1820365215e-1
  /
  236.95599836 288.7558 1.7165255816e0 4.9894603628e-1
           298.7558 1.7129458834e0 5.0393562137e-1
           313.7558 1.7076042434e0 5.1156947241e-1
           338.7558 1.6987751598e0 5.2470739867e-1
           388.7558 1.6813880914e0 5.5265788087e-1
           621.5400 1.6044926705e0 7.1287669453e-1
  /
  239.20516337 291.2579 1.7210960520e0 4.9666036716e-1
           301.2579 1.7175217979e0 5.0165253975e-1
           316.2579 1.7121881658e0 5.0929149831e-1
           341.2579 1.7033720141e0 5.2244146887e-1
           391.2579 1.6860093035e0 5.5043127753e-1
           621.5400 1.6099199714e0 7.0772196762e-1
  /
  241.45432838 293.7600 1.7256909262e0 4.9438350629e-1
           303.7600 1.7221222258e0 4.9937798652e-1
           318.7600 1.7167967648e0 5.0702162143e-1
           343.7600 1.7079938139e0 5.2018288763e-1
           393.7600 1.6906559879e0 5.4821041819e-1
           621.5400 1.6153812866e0 7.0273471327e-1
  /
  243.70349340 296.2622 1.7303104003e0 4.9211540285e-1
           306.2622 1.7267473647e0 4.9711191400e-1
           321.2622 1.7214302402e0 5.0475979866e-1
           346.2622 1.7126407627e0 5.1793161927e-1
           396.2622 1.6953283559e0 5.4599528066e-1
           621.5400 1.6208768903e0 6.9791042504e-1
  /
  245.95265841 298.7643 1.7349546724e0 4.8985600643e-1
           308.7643 1.7313974141e0 4.9485427484e-1
           323.7643 1.7260887938e0 5.0250598723e-1
           348.7643 1.7173130666e0 5.1568762833e-1
           398.7643 1.7000266210e0 5.4378584284e-1
           621.5400 1.6264070598e0 6.9324483553e-1
  /
  248.20182342 301.2665 1.7396239427e0 4.8760526696e-1
           311.2665 1.7360725759e0 4.9260502205e-1
           326.2665 1.7307726300e0 5.0026014463e-1
           351.2665 1.7220109334e0 5.1345087956e-1
           401.2665 1.7047509990e0 5.4158208276e-1
           621.5400 1.6319720750e0 6.8873390464e-1
  /
  250.45098843 303.7686 1.7443184135e0 4.8536313481e-1
           313.7686 1.7407730539e0 4.9036410899e-1
           328.7686 1.7354819550e0 4.9802222868e-1
           353.7686 1.7267345737e0 5.1122133798e-1
           403.7686 1.7095017084e0 5.3938397858e-1
           621.5400 1.6375722189e0 6.8437380868e-1
  /
  252.70015344 306.2707 1.7490382895e0 4.8312956068e-1
           316.2707 1.7454990546e0 4.8813148936e-1
           331.2707 1.7402169775e0 4.9579219749e-1
           356.2707 1.7314842000e0 5.0899896881e-1
           406.2707 1.7142789698e0 5.3719150854e-1
           621.5400 1.6432077773e0 6.8016093024e-1
  /
  254.94931845 308.7729 1.7537837774e0 4.8090449567e-1
           318.7729 1.7502507861e0 4.8590711721e-1
           333.7729 1.7449779084e0 4.9357000946e-1
           358.7729 1.7362600274e0 5.0678373748e-1
           408.7729 1.7190830064e0 5.3500465100e-1
           621.5400 1.6488790390e0 6.7609184880e-1
  /
  257.19848346 311.2750 1.7585550862e0 4.7868789124e-1
           321.2750 1.7550284594e0 4.8369094692e-1
           336.2750 1.7497649609e0 4.9135562328e-1
           361.2750 1.7410622733e0 5.0457560967e-1
           411.2750 1.7239140441e0 5.3282338445e-1
           621.5400 1.6545862958e0 6.7216333200e-1
  /
  259.44764848 313.7771 1.7633524273e0 4.7647969925e-1
           323.7771 1.7598322874e0 4.8148293320e-1
           338.7771 1.7545783506e0 4.8914899795e-1
           363.7771 1.7458911576e0 5.0237455126e-1
           413.7771 1.7287723110e0 5.3064768748e-1
           621.5400 1.6603298425e0 6.6837232759e-1
  /
  261.69681349 316.2793 1.7681760144e0 4.7427987188e-1
           326.2793 1.7646624854e0 4.7928303112e-1
           341.2793 1.7594182955e0 4.8695009274e-1
           366.2793 1.7507469024e0 5.0018052836e-1
           416.2793 1.7336580381e0 5.2847753877e-1
           621.5400 1.6661099768e0 6.6471595593e-1
  /
  263.94597850 318.7814 1.7730260633e0 4.7208836169e-1
           328.7814 1.7695192712e0 4.7709119606e-1
           343.7814 1.7642850158e0 4.8475886719e-1
           368.7814 1.7556297326e0 4.9799350729e-1
           418.7814 1.7385714588e0 5.2631291712e-1
           621.5400 1.6719269997e0 6.6119150309e-1
  /
  266.19514351 321.2835 1.7779027924e0 4.6990512161e-1
           331.2835 1.7744028649e0 4.7490738372e-1
           346.2835 1.7691787345e0 4.8257528115e-1
           371.2835 1.7605398753e0 4.9581345458e-1
           421.2835 1.7435128093e0 5.2415380147e-1
           621.5400 1.6777812154e0 6.5779641438e-1
  /
  268.44430852 323.7857 1.7828064226e0 4.6773010492e-1
           333.7857 1.7793134891e0 4.7273155013e-1
           348.7857 1.7740996768e0 4.8039929474e-1
           373.7857 1.7654775605e0 4.9364033699e-1
           423.7857 1.7484823283e0 5.2200017081e-1
           621.5400 1.6836729310e0 6.5452828850e-1
  /
  270.69347353 326.2878 1.7877371769e0 4.6556326523e-1
           336.2878 1.7842513689e0 4.7056365165e-1
           351.2878 1.7790480705e0 4.7823086834e-1
           376.2878 1.7704430204e0 4.9147412147e-1
           426.2878 1.7534802574e0 5.1985200428e-1
           621.5400 1.6896024571e0 6.5138487203e-1
  /
  272.94263854 328.7900 1.7926952811e0 4.6340455652e-1
           338.7900 1.7892167317e0 4.6840364496e-1
           353.7900 1.7840241459e0 4.7606996264e-1
           378.7900 1.7754364901e0 4.8931477519e-1
           428.7900 1.7585068410e0 5.1770928111e-1
           621.5400 1.6955701074e0 6.4836405448e-1
  /
  275.19180356 331.2921 1.7976809634e0 4.6125393312e-1
           341.2921 1.7942098077e0 4.6625148702e-1
           356.2921 1.7890281360e0 4.7391653857e-1
           381.2921 1.7804582073e0 4.8716226553e-1
           431.2921 1.7635623262e0 5.1557198063e-1
           621.5400 1.7015761988e0 6.4546386361e-1
  /
  277.44096857 333.7942 1.8026944545e0 4.5911134968e-1
           343.7942 1.7992308296e0 4.6410713516e-1
           358.7942 1.7940602763e0 4.7177055735e-1
           383.7942 1.7855084123e0 4.8501656008e-1
           433.7942 1.7686469630e0 5.1344008229e-1
           621.5400 1.7076210518e0 6.4268246131e-1
  /
  279.69013358 336.2964 1.8077359877e0 4.5697676120e-1
           346.2964 1.8042800325e0 4.6197054696e-1
           361.2964 1.7991208051e0 4.6963198045e-1
           386.2964 1.7905873483e0 4.8287762662e-1
           436.2964 1.7737610042e0 5.1131356563e-1
           621.5400 1.7137049900e0 6.4001813968e-1
  /
  281.93929859 338.7985 1.8128057989e0 4.5485012301e-1
           348.7985 1.8093576545e0 4.5984168034e-1
           363.7985 1.8042099632e0 4.6750076962e-1
           388.7985 1.7956952611e0 4.8074543314e-1
           438.7985 1.7789047057e0 5.0919241030e-1
           621.5400 1.7198283407e0 6.3746931764e-1
  /
  284.18846360 341.3006 1.8179041268e0 4.5273139078e-1
           351.3006 1.8144639362e0 4.5772049353e-1
           366.3006 1.8093279943e0 4.6537688686e-1
           391.3006 1.8008323994e0 4.7861994783e-1
           441.3006 1.7840783262e0 5.0707659604e-1
           621.5400 1.7259914344e0 6.3503453773e-1
  /
  286.43762861 343.8028 1.8230312126e0 4.5062052051e-1
           353.8028 1.8195991207e0 4.5560694503e-1
           368.8028 1.8144751449e0 4.6326029446e-1
           393.8028 1.8059990147e0 4.7650113910e-1
           443.8028 1.7892821275e0 5.0496610271e-1
           621.5400 1.7321946053e0 6.3271246340e-1
  /
  288.17000000 345.7300 1.8270000000e0 4.4900000000e-1
           355.7300 1.8235742463e0 4.5398421079e-1
           370.7300 1.8184596365e0 4.6163498081e-1
           395.7300 1.8099987458e0 4.7487370376e-1
           445.7300 1.7933109867e0 5.0334415510e-1
           621.5400 1.7370000000e0 6.3100000000e-1
  /
  288.68679362 346.3049 1.8281873003e0 4.4851746851e-1
           356.3049 1.8247593203e0 4.5349632287e-1
           371.3049 1.8196413867e0 4.6113887076e-1
           396.3049 1.8111749976e0 4.7436336631e-1
           446.3049 1.7944763937e0 5.0280322102e-1
           621.5400 1.7383073081e0 6.2981588725e-1
  /
  290.93595864 348.8071 1.8333726367e0 4.4642219144e-1
           358.8071 1.8299349339e0 4.5137778677e-1
           373.8071 1.8248024841e0 4.5898463203e-1
           398.8071 1.8163120815e0 4.7214734853e-1
           448.8071 1.7995661149e0 5.0045434470e-1
           621.5400 1.7440171873e0 6.2468999579e-1
  /
  293.18512365 351.3092 1.8385874714e0 4.4433464625e-1
           361.3092 1.8351399904e0 4.4926706838e-1
           376.3092 1.8299929419e0 4.5683834276e-1
           401.3092 1.8214783893e0 4.6993950818e-1
           451.3092 1.8046847905e0 4.9811413608e-1
           621.5400 1.7497602482e0 6.1960854920e-1
  /
  295.43428866 353.8113 1.8438320568e0 4.4225479023e-1
           363.8113 1.8403747418e0 4.4716412452e-1
           378.8113 1.8352130113e0 4.5469995903e-1
           403.8113 1.8266741709e0 4.6773980009e-1
           453.8113 1.8098326683e0 4.9578254728e-1
           621.5400 1.7555367756e0 6.1457107111e-1
  /
  297.68345367 356.3135 1.8491066482e0 4.4018258097e-1
           366.3135 1.8456394430e0 4.4506891230e-1
           381.3135 1.8404629465e0 4.5256943724e-1
           406.3135 1.8318996793e0 4.6554817941e-1
           456.3135 1.8150099988e0 4.9345953075e-1
           621.5400 1.7613470577e0 6.0957709139e-1
  /
  299.93261868 358.8156 1.8544115039e0 4.3811797638e-1
           368.8156 1.8509343517e0 4.4298138917e-1
           383.8156 1.8457430045e0 4.5044673412e-1
           408.8156 1.8371551704e0 4.6336460161e-1
           458.8156 1.8202170355e0 4.9114503932e-1
           621.5400 1.7671913860e0 6.0462614610e-1
  /
  302.18178369 361.3177 1.8597468852e0 4.3606093467e-1
           371.3177 1.8562597288e0 4.4090151287e-1
           386.3177 1.8510534454e0 4.4833180670e-1
           411.3177 1.8424409029e0 4.6118902251e-1
           461.3177 1.8254540348e0 4.8883902613e-1
           621.5400 1.7730700553e0 5.9971777740e-1
  /
  304.43094870 363.8199 1.8651130561e0 4.3401141436e-1
           373.8199 1.8616158378e0 4.3882924147e-1
           388.8199 1.8563945320e0 4.4622461234e-1
           413.8199 1.8477571387e0 4.5902139824e-1
           463.8199 1.8307212561e0 4.8654144469e-1
           621.5400 1.7789833638e0 5.9485153341e-1
  /
  306.68011372 366.3220 1.8705102842e0 4.3196937428e-1
           376.3220 1.8670029456e0 4.3676453333e-1
           391.3220 1.8617665306e0 4.4412510870e-1
           416.3220 1.8531041425e0 4.5686168524e-1
           466.3220 1.8360189618e0 4.8425224883e-1
           621.5400 1.7849316132e0 5.9002696815e-1
  /
  308.92927873 368.8242 1.8759388396e0 4.2993477355e-1
           378.8242 1.8724213222e0 4.3470734712e-1
           393.8242 1.8671697101e0 4.4203325376e-1
           418.8242 1.8584821822e0 4.5470984029e-1
           468.8242 1.8413474173e0 4.8197139274e-1
           621.5400 1.7909151086e0 5.8524364144e-1
  /
  311.17844374 371.3263 1.8813989961e0 4.2790757158e-1
           381.3263 1.8778712405e0 4.3265764182e-1
           396.3263 1.8726043429e0 4.3994900579e-1
           421.3263 1.8638915289e0 4.5256582046e-1
           471.3263 1.8467068911e0 4.7969883092e-1
           621.5400 1.7969341589e0 5.8050111881e-1
  /
  313.42760875 373.8284 1.8868910303e0 4.2588772811e-1
           383.8284 1.8833529767e0 4.3061537668e-1
           398.8284 1.8780707044e0 4.3787232337e-1
           423.8284 1.8693324566e0 4.5042958315e-1
           473.8284 1.8520976547e0 4.7743451820e-1
           621.5400 1.8029890764e0 5.7579897142e-1
  /
  315.67677376 376.3306 1.8924152222e0 4.2387520312e-1
           386.3306 1.8888668103e0 4.2858051128e-1
           401.3306 1.8835690733e0 4.3580316539e-1
           426.3306 1.8748052428e0 4.4830108606e-1
           476.3306 1.8575199832e0 4.7517840977e-1
           621.5400 1.8090801770e0 5.7113677594e-1
  /
  317.92593877 378.8327 1.8979718551e0 4.2186995693e-1
           388.8327 1.8944130241e0 4.2655300546e-1
           403.8327 1.8890997316e0 4.3374149103e-1
           428.8327 1.8803101681e0 4.4618028720e-1
           478.8327 1.8629741544e0 4.7293046110e-1
           621.5400 1.8152077805e0 5.6651411452e-1
  /
  320.17510378 381.3348 1.9035612155e0 4.1987195010e-1
           391.3348 1.8999919042e0 4.2453281938e-1
           406.3348 1.8946629644e0 4.3168725976e-1
           431.3348 1.8858475165e0 4.4406714488e-1
           481.3348 1.8684604497e0 4.7069062801e-1
           621.5400 1.8213722104e0 5.6193057464e-1
  /
  322.42426879 383.8370 1.9091835936e0 4.1788114352e-1
           393.8370 1.9056037399e0 4.2251991346e-1
           408.8370 1.9002590605e0 4.2964043134e-1
           433.8370 1.8914175752e0 4.4196161771e-1
           483.8370 1.8739791538e0 4.6845886663e-1
           621.5400 1.8275737939e0 5.5738574909e-1
  /
  324.67343381 386.3391 1.9148392827e0 4.1589749832e-1
           396.3391 1.9112488242e0 4.2051424843e-1
           411.3391 1.9058883119e0 4.2760096583e-1
           436.3391 1.8970206349e0 4.3986366461e-1
           486.3391 1.8795305546e0 4.6623513341e-1
           621.5400 1.8338128623e0 5.5287923584e-1
  /
  326.92259882 388.8412 1.9205285797e0 4.1392097594e-1
           398.8412 1.9169274533e0 4.1851578528e-1
           413.8412 1.9115510142e0 4.2556882358e-1
           438.8412 1.9026569899e0 4.3777324478e-1
           488.8412 1.8851149437e0 4.6401938511e-1
           621.5400 1.8400897507e0 5.4841063799e-1
  /
  329.17176383 391.3434 1.9262517851e0 4.1195153807e-1
           401.3434 1.9226399273e0 4.1652448529e-1
           416.3434 1.9172474663e0 4.2354396520e-1
           441.3434 1.9083269377e0 4.3569031772e-1
           491.3434 1.8907326159e0 4.6181157879e-1
           621.5400 1.8464047982e0 5.4397956369e-1
  /
  331.42092884 393.8455 1.9320092029e0 4.0998914671e-1
           403.8455 1.9283865496e0 4.1454031002e-1
           418.8455 1.9229779709e0 4.2152635161e-1
           443.8455 1.9140307795e0 4.3361484320e-1
           493.8455 1.8963838697e0 4.5961167183e-1
           621.5400 1.8527583481e0 5.3958562605e-1
  /
  333.67009385 396.3477 1.9378011409e0 4.0803376409e-1
           406.3477 1.9341676273e0 4.1256322130e-1
           421.3477 1.9287428343e0 4.1951594400e-1
           446.3477 1.9197688203e0 4.3154678132e-1
           496.3477 1.9020690071e0 4.5741962191e-1
           621.5400 1.8591507474e0 5.3522844306e-1
  /
  335.91925886 398.8498 1.9436279104e0 4.0608535273e-1
           408.8498 1.9399834712e0 4.1059318123e-1
           423.8498 1.9345423664e0 4.1751270383e-1
           448.8498 1.9255413684e0 4.2948609242e-1
           498.8498 1.9077883337e0 4.5523538702e-1
           621.5400 1.8655823479e0 5.3090763753e-1
  /
  338.16842387 401.3519 1.9494898266e0 4.0414387543e-1
           411.3519 1.9458343958e0 4.0863015219e-1
           426.3519 1.9403768809e0 4.1551659283e-1
           451.3519 1.9313487362e0 4.2743273714e-1
           501.3519 1.9135421589e0 4.5305892543e-1
           621.5400 1.8720535051e0 5.2662283705e-1
  /
  340.41758889 403.8541 1.9553872084e0 4.0220929523e-1
           413.8541 1.9517207197e0 4.0667409681e-1
           428.8541 1.9462466952e0 4.1352757302e-1
           453.8541 1.9371912396e0 4.2538667642e-1
           503.8541 1.9193307958e0 4.5089019573e-1
           621.5400 1.8785645792e0 5.2237367382e-1
  /
  342.66675390 406.3562 1.9613203787e0 4.0028157545e-1
           416.3562 1.9576427649e0 4.0472497800e-1
           431.3562 1.9521521307e0 4.1154560668e-1
           456.3562 1.9430691984e0 4.2334787144e-1
           506.3562 1.9251545613e0 4.4872915678e-1
           621.5400 1.8851159344e0 5.1815978470e-1
  /
  344.91591891 408.8583 1.9672896643e0 3.9836067965e-1
           418.8583 1.9636008576e0 4.0278275893e-1
           433.8583 1.9580935127e0 4.0957065636e-1
           458.8583 1.9489829365e0 4.2131628369e-1
           508.8583 1.9310137761e0 4.4657576776e-1
           621.5400 1.8917079397e0 5.1398081105e-1
  /
  347.16508392 411.3605 1.9732953958e0 3.9644657166e-1
           421.3605 1.9695953280e0 4.0084740302e-1
           436.3605 1.9640711703e0 4.0760268486e-1
           461.3605 1.9549327814e0 4.1929187489e-1
           511.3605 1.9369087648e0 4.4442998810e-1
           621.5400 1.8983409684e0 5.0983639871e-1
  /
  349.41424893 413.8626 1.9793379082e0 3.9453921558e-1
           423.8626 1.9756265102e0 3.9891887396e-1
           438.8626 1.9700854368e0 4.0564165526e-1
           463.8626 1.9609190648e0 4.1727460708e-1
           513.8626 1.9428398561e0 4.4229177755e-1
           621.5400 1.9050153983e0 5.0572619792e-1
  /
  351.66341394 416.3648 1.9854175403e0 3.9263857573e-1
           426.3648 1.9816947426e0 3.9699713570e-1
           441.3648 1.9761366495e0 4.0368753090e-1
           466.3648 1.9669421225e0 4.1526444253e-1
           516.3648 1.9488073827e0 4.4016109613e-1
           621.5400 1.9117316121e0 5.0164986324e-1
  /
  353.91257895 418.8669 1.9915346353e0 3.9074461671e-1
           428.8669 1.9878003676e0 3.9508215242e-1
           443.8669 1.9822251499e0 4.0174027536e-1
           468.8669 1.9730022945e0 4.1326134379e-1
           518.8669 1.9548116813e0 4.3803790414e-1
           621.5400 1.9184899970e0 4.9760705352e-1
  /
  356.16174397 421.3690 1.9976895404e0 3.8885730335e-1
           431.3690 1.9939437318e0 3.9317388858e-1
           446.3690 1.9883512838e0 3.9979985250e-1
           471.3690 1.9790999248e0 4.1126527367e-1
           521.3690 1.9608530929e0 4.3592216216e-1
           621.5400 1.9252909451e0 4.9359743179e-1
  /
  358.41090898 423.8712 2.0038826074e0 3.8697660074e-1
           433.8712 2.0001251864e0 3.9127230887e-1
           448.8712 1.9945154011e0 3.9786622641e-1
           473.8712 1.9852353618e0 4.0927619524e-1
           523.8712 1.9669319627e0 4.3381383106e-1
           621.5400 1.9321348534e0 4.8962066527e-1
  /
  360.66007399 426.3733 2.0101141922e0 3.8510247420e-1
           436.3733 2.0063450865e0 3.8937737822e-1
           451.3733 2.0007178562e0 3.9593936145e-1
           476.3733 1.9914089583e0 4.0729407183e-1
           526.3733 1.9730486400e0 4.3171287195e-1
           621.5400 1.9390221236e0 4.8567642521e-1
  /
  362.90923900 428.8754 2.0163846553e0 3.8323488930e-1
           438.8754 2.0126037921e0 3.8748906184e-1
           453.8754 2.0069590078e0 3.9401922221e-1
           478.8754 1.9976210712e0 4.0531886702e-1
           528.8754 1.9792034788e0 4.2961924624e-1
           621.5400 1.9459531626e0 4.8176438691e-1
  /
  365.15840401 431.3776 2.0226943617e0 3.8137381186e-1
           441.3776 2.0189016673e0 3.8560732515e-1
           456.3776 2.0132392193e0 3.9210577354e-1
           481.3776 2.0038720623e0 4.0335054466e-1
           531.3776 1.9853968372e0 4.2753291561e-1
           621.5400 1.9529283825e0 4.7788422965e-1
  /
  367.40756902 433.8797 2.0290436810e0 3.7951920791e-1
           443.8797 2.0252390812e0 3.8373213381e-1
           458.8797 2.0195588585e0 3.9019898054e-1
           483.8797 2.0101622976e0 4.0138906884e-1
           533.8797 1.9916290780e0 4.2545384198e-1
           621.5400 1.9599482004e0 4.7403563660e-1
  /
  369.65673403 436.3819 2.0354329873e0 3.7767104374e-1
           446.3819 2.0316164071e0 3.8186345375e-1
           461.3819 2.0259182978e0 3.8829880854e-1
           486.3819 2.0164921478e0 3.9943440389e-1
           536.3819 1.9979005685e0 4.2338198757e-1
           621.5400 1.9670130388e0 4.7021829477e-1
  /
  371.90589905 438.8840 2.0418626596e0 3.7582928588e-1
           448.8840 2.0380340233e0 3.8000125109e-1
           463.8840 2.0323179144e0 3.8640522311e-1
           488.8840 2.0228619885e0 3.9748651440e-1
           538.8840 2.0042116807e0 4.2131731484e-1
           621.5400 1.9741233252e0 4.6643189498e-1
  /
  374.15506406 441.3861 2.0483330816e0 3.7399390106e-1
           451.3861 2.0444923129e0 3.7814549223e-1
           466.3861 2.0387580903e0 3.8451819006e-1
           491.3861 2.0292721996e0 3.9554536521e-1
           541.3861 2.0105627913e0 4.1925978650e-1
           621.5400 1.9812794931e0 4.6267613179e-1
  /
  376.40422907 443.8883 2.0548446421e0 3.7216485626e-1
           453.8883 2.0509916636e0 3.7629614377e-1
           468.8883 2.0452392123e0 3.8263767545e-1
           493.8883 2.0357231664e0 3.9361092138e-1
           543.8883 2.0169542816e0 4.1720936555e-1
           621.5400 1.9884819809e0 4.5895070344e-1
  /
  378.65339408 446.3904 2.0613977345e0 3.7034211869e-1
           456.3904 2.0575324685e0 3.7445317255e-1
           471.3904 2.0517616721e0 3.8076364556e-1
           496.3904 2.0422152786e0 3.9168314824e-1
           546.3904 2.0233865381e0 4.1516601522e-1
           621.5400 1.9957312330e0 4.5525531181e-1
  /
  380.90255909 448.8925 2.0679927574e0 3.6852565579e-1
           458.8925 2.0641151254e0 3.7261654565e-1
           473.8925 2.0583258664e0 3.7889606690e-1
           498.8925 2.0487489312e0 3.8976201135e-1
           548.8925 2.0298599520e0 4.1312969899e-1
           621.5400 2.0030276995e0 4.5158966233e-1
  /
  383.15172410 451.3947 2.0746301147e0 3.6671543520e-1
           461.3947 2.0707400371e0 3.7078623037e-1
           476.3947 2.0649321972e0 3.7703490622e-1
           501.3947 2.0553245241e0 3.8784747648e-1
           551.3947 2.0363749195e0 4.1110038061e-1
           621.5400 2.0103718359e0 4.4795346401e-1
  /
  385.40088911 453.8968 2.0813102152e0 3.6491142481e-1
           463.8968 2.0774076120e0 3.6896219421e-1
           478.8968 2.0715810714e0 3.7518013049e-1
           503.8968 2.0619424626e0 3.8593950967e-1
           553.8968 2.0429318421e0 4.0907802407e-1
           621.5400 2.0177641039e0 4.4434642929e-1
  /
  387.65005413 456.3990 2.0880334732e0 3.6311359271e-1
           466.3990 2.0841182634e0 3.6714440493e-1
           481.3990 2.0782729013e0 3.7333170692e-1
           506.3990 2.0686031569e0 3.8403807718e-1
           556.3990 2.0495311264e0 4.0706259361e-1
           621.5400 2.0252049712e0 4.4076827406e-1
  /
  389.89921914 458.9011 2.0948003082e0 3.6132190722e-1
           468.9011 2.0908724101e0 3.6533283049e-1
           483.9011 2.0850081046e0 3.7148960291e-1
           508.9011 2.0753070228e0 3.8214314550e-1
           558.9011 2.0561731843e0 4.0505405370e-1
           621.5400 2.0326949114e0 4.3721871761e-1
  /
  392.14838415 461.4032 2.1016111454e0 3.5953633687e-1
           471.4032 2.0976704765e0 3.6352743907e-1
           486.4032 2.0917871043e0 3.6965378613e-1
           511.4032 2.0820544813e0 3.8025468135e-1
           561.4032 2.0628584328e0 4.0305236906e-1
           621.5400 2.0402344043e0 4.3369748251e-1
  /
  394.39754916 463.9054 2.1084664152e0 3.5775685040e-1
           473.9054 2.1045128922e0 3.6172819907e-1
           488.9054 2.0986103289e0 3.6782422444e-1
           513.9054 2.0888459590e0 3.7837265166e-1
           563.9054 2.0695872947e0 4.0105750467e-1
           621.5400 2.0478239359e0 4.3020429466e-1
  /
  396.64671417 466.4075 2.1153665540e0 3.5598341678e-1
           476.4075 2.1114000927e0 3.5993507911e-1
           491.4075 2.1054782128e0 3.6600088592e-1
           516.4075 2.0956818882e0 3.7649702362e-1
           566.4075 2.0763601982e0 3.9906942572e-1
           621.5400 2.0554639987e0 4.2673888319e-1
  /
  398.89587918 468.9096 2.1223120037e0 3.5421600518e-1
           478.9096 2.1183325192e0 3.5814804801e-1
           493.9096 2.1123911958e0 3.6418373887e-1
           518.9096 2.1025627065e0 3.7462776461e-1
           568.9096 2.0831775771e0 3.9708809766e-1
           621.5400 2.0631550917e0 4.2330098039e-1
  /
  401.14504419 471.4118 2.1293032120e0 3.5245458496e-1
           481.4118 2.1253106185e0 3.5636707482e-1
           496.4118 2.1193497235e0 3.6237275182e-1
           521.4118 2.1094888578e0 3.7276484224e-1
           571.4118 2.0900398708e0 3.9511348615e-1
           621.5400 2.0708977202e0 4.1989032175e-1
  /
  403.39420921 473.9139 2.1363406327e0 3.5069912573e-1
           483.9139 2.1323348436e0 3.5459212877e-1
           498.9139 2.1263542476e0 3.6056789349e-1
           523.9139 2.1164607913e0 3.7090822436e-1
           573.9139 2.0969475248e0 3.9314555709e-1
           621.5400 2.0786923966e0 4.1650664582e-1
  /
  405.64337422 476.4160 2.1434247255e0 3.4894959727e-1
           486.4160 2.1394056532e0 3.5282317933e-1
           501.4160 2.1334052256e0 3.5876913283e-1
           526.4160 2.1234789627e0 3.6905787902e-1
           576.4160 2.1039009903e0 3.9118427664e-1
           621.5400 2.0865396396e0 4.1314969423e-1
  /
  407.89253923 478.9182 2.1505559562e0 3.4720596957e-1
           488.9182 2.1465235123e0 3.5106019616e-1
           503.9182 2.1405031212e0 3.5697643898e-1
           528.9182 2.1305438333e0 3.6721377447e-1
           578.9182 2.1109007245e0 3.8922961113e-1
           621.5400 2.0944399753e0 4.0981921161e-1
  /
  410.14170424 481.4203 2.1577347969e0 3.4546821284e-1
           491.4203 2.1536888922e0 3.4930314912e-1
           506.4203 2.1476484042e0 3.5518978130e-1
           531.4203 2.1376558709e0 3.6537587920e-1
           581.4203 2.1179471908e0 3.8728152718e-1
           621.5400 2.1023939365e0 4.0651494560e-1
  /
  412.39086925 483.9225 2.1649617260e0 3.4373629746e-1
           493.9225 2.1609022703e0 3.4755200829e-1
           508.9225 2.1548415507e0 3.5340912936e-1
           533.9225 2.1448155494e0 3.6354416190e-1
           583.9225 2.1250408587e0 3.8533999159e-1
           621.5400 2.1104020633e0 4.0323664674e-1
  /
  414.64003426 486.4246 2.1722372282e0 3.4201019405e-1
           496.4246 2.1681641304e0 3.4580674393e-1
           511.4246 2.1620830435e0 3.5163445294e-1
           536.4246 2.1520233490e0 3.6171859147e-1
           586.4246 2.1321822042e0 3.8340497140e-1
           621.5400 2.1184649029e0 3.9998406847e-1
  /
  416.88919927 488.9267 2.1795617950e0 3.4028987338e-1
           498.9267 2.1754749631e0 3.4406732652e-1
           513.9267 2.1693733713e0 3.4986572198e-1
           538.9267 2.1592797566e0 3.5989913703e-1
           588.9267 2.1393717094e0 3.8147643387e-1
           621.5400 2.1265830100e0 3.9675696709e-1
  /
  419.13836429 491.4289 2.1869359243e0 3.3857530646e-1
           501.4289 2.1828352654e0 3.4233372672e-1
           516.4289 2.1767130301e0 3.4810290669e-1
           541.4289 2.1665852656e0 3.5808576788e-1
           591.4289 2.1466098633e0 3.7955434648e-1
           621.5400 2.1347569469e0 3.9355510172e-1
  /
  421.38752930 493.9310 2.1943601210e0 3.3686646446e-1
           503.9310 2.1902455412e0 3.4060591538e-1
           518.9310 2.1841025221e0 3.4634597741e-1
           543.9310 2.1739403759e0 3.5627845356e-1
           593.9310 2.1538971612e0 3.7763867691e-1
           621.5400 2.1429872834e0 3.9037823423e-1
  /
  423.63669431 496.4331 2.2018348965e0 3.3516331875e-1
           506.4331 2.1977063010e0 3.3888386358e-1
           521.4331 2.1915423566e0 3.4459490472e-1
           546.4331 2.1813455945e0 3.5447716378e-1
           596.4331 2.1612341055e0 3.7572939309e-1
           621.5400 2.1512745970e0 3.8722612926e-1
  /
  425.88585932 498.9353 2.2093607696e0 3.3346584091e-1
           508.9353 2.2052180626e0 3.3716754256e-1
           523.9353 2.1990330498e0 3.4284965940e-1
           548.9353 2.1888014352e0 3.5268186848e-1
           598.9353 2.1686212051e0 3.7382646313e-1
           621.5400 2.1596194733e0 3.8409855412e-1
  /
  428.13502433 501.4374 2.2169382661e0 3.3177400268e-1
           511.4374 2.2127813507e0 3.3545692376e-1
           526.4374 2.2065751250e0 3.4111021239e-1
           551.4374 2.1963084188e0 3.5089253778e-1
           601.4374 2.1760589761e0 3.7192985537e-1
           621.5400 2.1680225058e0 3.8099527880e-1
  /
  430.38418934 503.9396 2.2245679189e0 3.3008777601e-1
           513.9396 2.2203966973e0 3.3375197880e-1
           528.9396 2.2141691128e0 3.3937653484e-1
           553.9396 2.2038670734e0 3.4910914200e-1
           603.9396 2.1835479417e0 3.7003953836e-1
           621.5400 2.1764842962e0 3.7791607590e-1
  /
  432.63335435 506.4417 2.2322502683e0 3.2840713302e-1
           516.4417 2.2280646418e0 3.3205267951e-1
           531.4417 2.2218155509e0 3.3764859811e-1
           556.4417 2.2114779343e0 3.4733165167e-1
           606.4417 2.1910886323e0 3.6815548085e-1
           621.5400 2.1850054545e0 3.7486072064e-1
  /
  434.88251937 508.9438 2.2399858623e0 3.2673204603e-1
           518.9438 2.2357857310e0 3.3035899790e-1
           533.9438 2.2295149846e0 3.3592637372e-1
           558.9438 2.2191415442e0 3.4556003749e-1
           608.9438 2.1986815855e0 3.6627765179e-1
           621.5400 2.1935865992e0 3.7182899075e-1
  /
  437.13168438 511.4460 2.2477752562e0 3.2506248753e-1
           521.4460 2.2435605193e0 3.2867090614e-1
           536.4460 2.2372679667e0 3.3420983340e-1
           561.4460 2.2268584535e0 3.4379427039e-1
           611.4460 2.2063273467e0 3.6440602036e-1
           621.5400 2.2022283574e0 3.6882066653e-1
  /
  439.38084939 513.9481 2.2556190133e0 3.2339843020e-1
           523.9481 2.2513895688e0 3.2698837662e-1
           538.9481 2.2450750580e0 3.3249894904e-1
           563.9481 2.2346292201e0 3.4203432146e-1
           613.9481 2.2140264687e0 3.6254055592e-1
           621.5400 2.2109313649e0 3.6583553073e-1
  /
  441.63001440 516.4502 2.2635177047e0 3.2173984688e-1
           526.4502 2.2592734496e0 3.2531138189e-1
           541.4502 2.2529368267e0 3.3079369275e-1
           566.4502 2.2424544097e0 3.4028016200e-1
           616.4502 2.2217795119e0 3.6068122805e-1
           621.5400 2.2196962665e0 3.6287336857e-1
  /
  443.87917941 518.9524 2.2714719095e0 3.2008671063e-1
           528.9524 2.2672127397e0 3.2363989467e-1
           543.9524 2.2608538494e0 3.2909403679e-1
           568.9524 2.2503345963e0 3.3853176347e-1
           618.9524 2.2295870450e0 3.5882800650e-1
           621.5400 2.2285237160e0 3.5993396769e-1
  /
  446.12834442 521.4545 2.2794822151e0 3.1843899463e-1
           531.4545 2.2752080254e0 3.2197388789e-1
           546.4545 2.2688267106e0 3.2739995363e-1
           571.4545 2.2582703614e0 3.3678909756e-1
           621.4545 2.2374496443e0 3.5698086126e-1
           621.5400 2.2374143764e0 3.5701711810e-1
  /
  448.37750943 523.9567 2.2875492170e0 3.1679667229e-1
           533.9567 2.2832599011e0 3.2031333464e-1
           548.9567 2.2768560030e0 3.2571141589e-1
           573.9567 2.2662622954e0 3.3505213610e-1
           623.9567 2.2453678945e0 3.5513976248e-1
  /
  450.62667445 526.4588 2.2956735193e0 3.1515971716e-1
           536.4588 2.2913689697e0 3.1865820817e-1
           551.4588 2.2849423281e0 3.2402839641e-1
           576.4588 2.2743109965e0 3.3332085115e-1
           626.4588 2.2533423886e0 3.5330468053e-1
  /
  452.87583946 528.9609 2.3038557347e0 3.1352810298e-1
           538.9609 2.2995358429e0 3.1700848194e-1
           553.9609 2.2930862955e0 3.2235086816e-1
           578.9609 2.2824170719e0 3.3159521491e-1
           628.9609 2.2613737278e0 3.5147558595e-1
  /
  455.12500447 531.4631 2.3120964847e0 3.1190180364e-1
           541.4631 2.3077611409e0 3.1536412955e-1
           556.4631 2.3012885238e0 3.2067880432e-1
           581.4631 2.2905811371e0 3.2987519978e-1
           631.4631 2.2694625223e0 3.4965244950e-1
  /
  457.37416948 533.9652 2.3203963996e0 3.1028079322e-1
           543.9652 2.3160454929e0 3.1372512479e-1
           558.9652 2.3095496406e0 3.1901217823e-1
           583.9652 2.2988038167e0 3.2816077835e-1
           633.9652 2.2776093907e0 3.4783524211e-1
  /
  459.62333449 536.4673 2.3287561189e0 3.0866504596e-1
           546.4673 2.3243895372e0 3.1209144162e-1
           561.4673 2.3178702821e0 3.1735096341e-1
           586.4673 2.3070857441e0 3.2645192338e-1
           636.4673 2.2858149608e0 3.4602393490e-1
  /
  461.87249950 538.9695 2.3371762913e0 3.0705453627e-1
           548.9695 2.3327939212e0 3.1046305416e-1
           563.9695 2.3262510942e0 3.1569513355e-1
           588.9695 2.3154275621e0 3.2474860779e-1
           638.9695 2.2940798692e0 3.4421849918e-1
  /
  464.12166451 541.4716 2.3456575750e0 3.0544923873e-1
           551.4716 2.3412593019e0 3.0883993671e-1
           566.4716 2.3346927319e0 3.1404466250e-1
           591.4716 2.3238299227e0 3.2305080469e-1
           641.4716 2.3024047620e0 3.4241890645e-1
  /
  466.37082953 543.9737 2.3542006376e0 3.0384912807e-1
           553.9737 2.3497863456e0 3.0722206371e-1
           568.9737 2.3431958597e0 3.1239952429e-1
           593.9737 2.3322934874e0 3.2135848738e-1
           643.9737 2.3107902946e0 3.4062512839e-1
  /
  468.61999454 546.4759 2.3628061567e0 3.0225417920e-1
           556.4759 2.3583757287e0 3.0560940980e-1
           571.4759 2.3517611520e0 3.1075969313e-1
           596.4759 2.3408189273e0 3.1967162929e-1
           646.4759 2.3192371320e0 3.3883713687e-1
  /
  470.86915955 548.9780 2.3714748196e0 3.0066436717e-1
           558.9780 2.3670281373e0 3.0400194976e-1
           573.9780 2.3603892930e0 3.0912514336e-1
           598.9780 2.3494069235e0 3.1799020407e-1
           648.9780 2.3277459489e0 3.3705490393e-1
  /
  473.11832456 551.4802 2.3802073239e0 2.9907966722e-1
           561.4802 2.3757442676e0 3.0239965854e-1
           576.4802 2.3690809770e0 3.0749584953e-1
           601.4802 2.3580581670e0 3.1631418550e-1
           651.4802 2.3363174300e0 3.3527840179e-1
  /
  475.36748957 553.9823 2.3890043775e0 2.9750005471e-1
           563.9823 2.3845248260e0 3.0080251125e-1
           578.9823 2.3778369085e0 3.0587178630e-1
           603.9823 2.3667733591e0 3.1464354755e-1
           653.9823 2.3449522700e0 3.3350760286e-1
  /
  477.61665458 556.4844 2.3978666987e0 2.9592550521e-1
           566.4844 2.3933705298e0 2.9921048315e-1
           581.4844 2.3866578025e0 3.0425292855e-1
           606.4844 2.3755532114e0 3.1297826435e-1
           656.4844 2.3536511742e0 3.3174247972e-1
  /
  479.86581959 558.9866 2.4067950166e0 2.9435599439e-1
           568.9866 2.4022821064e0 2.9762354968e-1
           583.9866 2.3955443847e0 3.0263925128e-1
           608.9866 2.3843984463e0 3.1131831020e-1
           658.9866 2.3624148582e0 3.2998300512e-1
  /
  482.11498461 561.4887 2.4157900711e0 2.9279149812e-1
           571.4887 2.4112602946e0 2.9604168641e-1
           586.4887 2.4044973916e0 3.0103072966e-1
           611.4887 2.3933097968e0 3.0966365956e-1
           661.4887 2.3712440481e0 3.2822915199e-1
  /
  484.36414962 563.9908 2.4248526133e0 2.9123199240e-1
           573.9908 2.4203058439e0 2.9446486910e-1
           588.9908 2.4135175707e0 2.9942733903e-1
           613.9908 2.4022880070e0 3.0801428705e-1
           663.9908 2.3801394814e0 3.2648089344e-1
  /
  486.61331463 566.4930 2.4339834056e0 2.8967745339e-1
           576.4930 2.4294195153e0 2.9289307363e-1
           591.4930 2.4226056809e0 2.9782905487e-1
           616.4930 2.4113338322e0 3.0637016745e-1
           666.4930 2.3891019062e0 3.2473820273e-1
  /
  488.86247964 568.9951 2.4431832219e0 2.8812785739e-1
           578.9951 2.4386020813e0 2.9132627605e-1
           593.9951 2.4317624923e0 2.9623585283e-1
           618.9951 2.4204480390e0 3.0473127572e-1
           668.9951 2.3981320822e0 3.2300105332e-1
  /
  491.11164465 571.4973 2.4524528478e0 2.8658318088e-1
           581.4973 2.4478543260e0 2.8976445256e-1
           596.4973 2.4409887871e0 2.9464770870e-1
           621.4973 2.4296314059e0 3.0309758695e-1
           671.4973 2.4072307806e0 3.2126941881e-1
  /
  493.36080966 573.9994 2.4617930809e0 2.8504340046e-1
           583.9994 2.4571770455e0 2.8820757951e-1
           598.9994 2.4502853591e0 2.9306459845e-1
           623.9994 2.4388847230e0 3.0146907641e-1
           673.9994 2.4163987843e0 3.1954327299e-1
  /
  495.60997467 576.5015 2.4712047311e0 2.8350849289e-1
           586.5015 2.4665710482e0 2.8665563340e-1
           601.5015 2.4596530142e0 2.9148649817e-1
           626.5015 2.4482087925e0 2.9984571953e-1
           676.5015 2.4256368881e0 3.1782258980e-1
  /
  497.85913969 579.0037 2.4806886206e0 2.8197843508e-1
           589.0037 2.4760371547e0 2.8510859089e-1
           604.0037 2.4690925710e0 2.8991338412e-1
           629.0037 2.4576044291e0 2.9822749186e-1
           679.0037 2.4349458992e0 3.1610734334e-1
  /
  500.10830470 581.5058 2.4902455843e0 2.8045320407e-1
           591.5058 2.4855761985e0 2.8356642876e-1
           606.5058 2.4786048604e0 2.8834523270e-1
           631.5058 2.4670724600e0 2.9661436915e-1
           681.5058 2.4443266370e0 3.1439750790e-1
  /
  502.35746971 584.0079 2.4998764701e0 2.7893277706e-1
           594.0079 2.4951890256e0 2.8202912396e-1
           609.0079 2.4881907264e0 2.8678202047e-1
           634.0079 2.4766137250e0 2.9500632727e-1
           684.0079 2.4537799338e0 3.1269305791e-1
  /
  504.60663472 586.5101 2.5095821389e0 2.7741713140e-1
           596.5101 2.5048764956e0 2.8049665358e-1
           611.5101 2.4978510257e0 2.8522372412e-1
           636.5101 2.4862290771e0 2.9340334226e-1
           686.5101 2.4633066347e0 3.1099396796e-1
  /
  506.85579973 589.0122 2.5193634652e0 2.7590624456e-1
           599.0122 2.5146394812e0 2.7896899485e-1
           614.0122 2.5075866289e0 2.8367032052e-1
           639.0122 2.4959193827e0 2.9180539030e-1
           689.0122 2.4729075980e0 3.0930021282e-1
  /
  509.10496474 591.5144 2.5292213370e0 2.7440009416e-1
           601.5144 2.5244788689e0 2.7744612514e-1
           616.5144 2.5173984199e0 2.8212178664e-1
           641.5144 2.5056855216e0 2.9021244772e-1
           691.5144 2.4825836953e0 3.0761176738e-1
  /
  511.35412975 594.0165 2.5391566565e0 2.7289865797e-1
           604.0165 2.5343955589e0 2.7592802197e-1
           619.0165 2.5272872964e0 2.8057809963e-1
           644.0165 2.5155283873e0 2.8862449100e-1
           694.0165 2.4923358122e0 3.0592860674e-1
  /
  513.60329477 596.5186 2.5491703399e0 2.7140191389e-1
           606.5186 2.5443904660e0 2.7441466299e-1
           621.5186 2.5372541706e0 2.7903923677e-1
           646.5186 2.5254488878e0 2.8704149678e-1
           696.5186 2.5021648481e0 3.0425070610e-1
  /
  515.85245978 599.0208 2.5592633181e0 2.6990983996e-1
           609.0208 2.5544645191e0 2.7290602600e-1
           624.0208 2.5472999688e0 2.7750517548e-1
           649.0208 2.5354479452e0 2.8546344183e-1
           699.0208 2.5120717165e0 3.0257804086e-1
  /
  518.10162479 601.5229 2.5694365366e0 2.6842241435e-1
           611.5229 2.5646186621e0 2.7140208894e-1
           626.5229 2.5574256323e0 2.7597589331e-1
           651.5229 2.5455264962e0 2.8389030306e-1
           701.5229 2.5220573457e0 3.0091058655e-1
  /
  520.35078980 604.0250 2.5796909561e0 2.6693961538e-1
           614.0250 2.5748538538e0 2.6990282988e-1
           629.0250 2.5676321172e0 2.7445136798e-1
           654.0250 2.5556854926e0 2.8232205754e-1
           704.0250 2.5321226785e0 2.9924831885e-1
  /
  522.59995481 606.5272 2.5900275527e0 2.6546142149e-1
           616.5272 2.5851710686e0 2.6840822701e-1
           631.5272 2.5779203952e0 2.7293157732e-1
           656.5272 2.5659259015e0 2.8075868247e-1
           706.5272 2.5422686732e0 2.9759121361e-1
  /
  524.84911982 609.0293 2.6004473183e0 2.6398781127e-1
           619.0293 2.5955712964e0 2.6691825870e-1
           634.0293 2.5882914532e0 2.7141649931e-1
           659.0293 2.5762487053e0 2.7920015520e-1
           709.0293 2.5524963033e0 2.9593924681e-1
  /
  527.09828483 611.5315 2.6109512606e0 2.6251876342e-1
           621.5315 2.6060555431e0 2.6543290340e-1
           636.5315 2.5987462946e0 2.6990611206e-1
           661.5315 2.5866549026e0 2.7764645321e-1
           711.5315 2.5628065579e0 2.9429239459e-1
  /
  529.34744985 614.0336 2.6215404039e0 2.6105425680e-1
           624.0336 2.6166248310e0 2.6395213974e-1
           639.0336 2.6092859386e0 2.6840039383e-1
           664.0336 2.5971455080e0 2.7609755414e-1
           714.0336 2.5732004424e0 2.9265063324e-1
  /
  531.59661486 616.5357 2.6322157890e0 2.5959427037e-1
           626.5357 2.6272801990e0 2.6247594646e-1
           641.5357 2.6199114213e0 2.6689932299e-1
           666.5357 2.6077215526e0 2.7455343574e-1
           716.5357 2.5836789784e0 2.9101393917e-1
  /
  533.84577987 619.0379 2.6429784737e0 2.5813878325e-1
           629.0379 2.6380227029e0 2.6100430242e-1
           644.0379 2.6306237956e0 2.6540287807e-1
           669.0379 2.6183840846e0 2.7301407591e-1
           719.0379 2.5942432044e0 2.8938228898e-1
  /
  536.09494488 621.5400 2.6538295334e0 2.5668777466e-1
           631.5400 2.6488534161e0 2.5953718663e-1
           646.5400 2.6414241317e0 2.6391103770e-1
           671.5400 2.6291341691e0 2.7147945270e-1
           721.5400 2.6048941757e0 2.8775565938e-1
  /
/
PVDG
  1.0100 9.3610000000e-1 8.0000000000e-3
  3.5121 3.2779265251e-1 9.0577205659e-3
  6.0143 1.9868249300e-1 9.3192368066e-3
  8.5164 1.4253941905e-1 9.4377271432e-3
  11.0185 1.1113518737e-1 9.5053294860e-3
  13.5207 9.1070556333e-2 9.5490310156e-3
  16.0228 7.7142967613e-2 9.5796028659e-3
  18.2500 6.7900000000e-2 9.6000000000e-3
  18.5250 6.6908667784e-2 9.6417570309e-3
  21.0271 5.9061769990e-2 9.9855599639e-3
  23.5292 5.2862209208e-2 1.0275027122e-2
  26.0314 4.7840514504e-2 1.0522096276e-2
  28.5335 4.3690129992e-2 1.0735446795e-2
  31.0356 4.0202388055e-2 1.0921540352e-2
  33.5378 3.7230326174e-2 1.1085286709e-2
  35.4900 3.5200000000e-2 1.1200000000e-2
  36.0399 3.4665499330e-2 1.1269637326e-2
  38.5421 3.2425227494e-2 1.1571183847e-2
  41.0442 3.0456935770e-2 1.1849759178e-2
  43.5463 2.8713929066e-2 1.2107891855e-2
  46.0485 2.7159622845e-2 1.2347752447e-2
  48.5506 2.5764947195e-2 1.2571214738e-2
  51.0527 2.4506511640e-2 1.2779904774e-2
  53.5549 2.3365282732e-2 1.2975240494e-2
  56.0570 2.2325614694e-2 1.3158463994e-2
  58.5592 2.1374527833e-2 1.3330667964e-2
  61.0613 2.0501163858e-2 1.3492817497e-2
  63.5634 1.9696369494e-2 1.3645768184e-2
  66.0656 1.8952374457e-2 1.3790281218e-2
  68.5677 1.8262539767e-2 1.3927036064e-2
  69.9600 1.7900000000e-2 1.4000000000e-2
  71.0698 1.7623219860e-2 1.4114573637e-2
  73.5720 1.7029561494e-2 1.4366757381e-2
  76.0741 1.6474595845e-2 1.4610792659e-2
  78.5763 1.5954659500e-2 1.4847068127e-2
  81.0784 1.5466537365e-2 1.5075948110e-2
  83.5805 1.5007396119e-2 1.5297774480e-2
  86.0827 1.4574729183e-2 1.5512868355e-2
  88.5848 1.4166310941e-2 1.5721531653e-2
  91.0869 1.3780158443e-2 1.5924048506e-2
  93.5891 1.3414499211e-2 1.6120686550e-2
  96.0912 1.3067744036e-2 1.6311698102e-2
  98.5933 1.2738463889e-2 1.6497321248e-2
  101.0955 1.2425370234e-2 1.6677780825e-2
  103.5976 1.2127298179e-2 1.6853289334e-2
  106.0998 1.1843191991e-2 1.7024047772e-2
  108.6019 1.1572092603e-2 1.7190246404e-2
  111.1040 1.1313126797e-2 1.7352065465e-2
  113.6062 1.1065497811e-2 1.7509675816e-2
  116.1083 1.0828477148e-2 1.7663239545e-2
  118.6104 1.0601397419e-2 1.7812910520e-2
  121.1126 1.0383646068e-2 1.7958834907e-2
  123.6147 1.0174659851e-2 1.8101151646e-2
  126.1169 9.9739199776e-3 1.8239992889e-2
  128.6190 9.7809478041e-3 1.8375484412e-2
  131.1211 9.5953010274e-3 1.8507745995e-2
  133.6233 9.4165702992e-3 1.8636891773e-2
  136.1254 9.2443762130e-3 1.8763030568e-2
  138.6275 9.0783666157e-3 1.8886266190e-2
  138.9100 9.0600000000e-3 1.8900000000e-2
  141.1297 8.9185953598e-3 1.9037375081e-2
  143.6318 8.7643973530e-3 1.9189473365e-2
  146.1340 8.6154407364e-3 1.9338727434e-2
  148.6361 8.4714627336e-3 1.9485216328e-2
  151.1382 8.3322178451e-3 1.9629016186e-2
  153.6404 8.1974764516e-3 1.9770200377e-2
  156.1425 8.0670235500e-3 1.9908839625e-2
  158.6446 7.9406576089e-3 2.0045002126e-2
  161.1468 7.8181895300e-3 2.0178753663e-2
  163.6489 7.6994417032e-3 2.0310157708e-2
  166.1510 7.5842471478e-3 2.0439275526e-2
  168.6532 7.4724487289e-3 2.0566166267e-2
  171.1553 7.3638984421e-3 2.0690887059e-2
  173.3800 7.2700000000e-3 2.0800000000e-2
  173.6575 7.2584496534e-3 2.0817576771e-2
  176.1596 7.1559228351e-3 2.0974909224e-2
  178.6617 7.0562520913e-3 2.1130155449e-2
  181.1639 6.9593197195e-3 2.1283356668e-2
  183.6660 6.8650143972e-3 2.1434553025e-2
  186.1681 6.7732307552e-3 2.1583783618e-2
  188.6703 6.6838689851e-3 2.1731086536e-2
  191.1724 6.5968344772e-3 2.1876498890e-2
  193.6746 6.5120374862e-3 2.2020056845e-2
  196.1767 6.4293928227e-3 2.2161795649e-2
  198.6788 6.3488195678e-3 2.2301749663e-2
  201.1810 6.2702408085e-3 2.2439952387e-2
  203.6831 6.1935833931e-3 2.2576436488e-2
  206.1852 6.1187777041e-3 2.2711233827e-2
  207.8500 6.0700000000e-3 2.2800000000e-2
  208.6874 6.0454691271e-3 2.2855052473e-2
  211.1895 5.9733367360e-3 2.3018484073e-2
  213.6917 5.9029053652e-3 2.3180332801e-2
  216.1938 5.8341155457e-3 2.3340621541e-2
  218.6959 5.7669105490e-3 2.3499372740e-2
  221.1981 5.7012362305e-3 2.3656608414e-2
  223.7002 5.6370408845e-3 2.3812350163e-2
  226.2023 5.5742751080e-3 2.3966619178e-2
  228.7045 5.5128916740e-3 2.4119436248e-2
  231.2066 5.4528454133e-3 2.4270821778e-2
  233.7087 5.3940931033e-3 2.4420795787e-2
  236.2109 5.3365933643e-3 2.4569377927e-2
  238.7130 5.2803065626e-3 2.4716587483e-2
  241.2152 5.2251947189e-3 2.4862443389e-2
  243.7173 5.1712214234e-3 2.5006964230e-2
  246.2194 5.1183517551e-3 2.5150168252e-2
  248.7216 5.0665522066e-3 2.5292073371e-2
  251.2237 5.0157906135e-3 2.5432697181e-2
  253.7258 4.9660360876e-3 2.5572056957e-2
  256.2280 4.9172589541e-3 2.5710169665e-2
  258.7301 4.8694306930e-3 2.5847051971e-2
  261.2323 4.8225238830e-3 2.5982720243e-2
  263.7344 4.7765121494e-3 2.6117190562e-2
  266.2365 4.7313701145e-3 2.6250478724e-2
  268.7387 4.6870733511e-3 2.6382600251e-2
  271.2408 4.6435983381e-3 2.6513570392e-2
  273.7429 4.6009224193e-3 2.6643404132e-2
  276.2451 4.5590237636e-3 2.6772116200e-2
  276.7900 4.5500000000e-3 2.6800000000e-2
  278.7472 4.5179337824e-3 2.6925893074e-2
  281.2494 4.4775922089e-3 2.7085965476e-2
  283.7515 4.4379646960e-3 2.7245068425e-2
  286.2536 4.3990324513e-3 2.7403210702e-2
  288.7558 4.3607773363e-3 2.7560400981e-2
  291.2579 4.3231818376e-3 2.7716647833e-2
  293.7600 4.2862290410e-3 2.7871959726e-2
  296.2622 4.2499026054e-3 2.8026345027e-2
  298.7643 4.2141867391e-3 2.8179812003e-2
  301.2665 4.1790661769e-3 2.8332368823e-2
  303.7686 4.1445261582e-3 2.8484023561e-2
  306.2707 4.1105524064e-3 2.8634784193e-2
  308.7729 4.0771311093e-3 2.8784658604e-2
  311.2750 4.0442489001e-3 2.8933654586e-2
  313.7771 4.0118928398e-3 2.9081779837e-2
  316.2793 3.9800504005e-3 2.9229041969e-2
  318.7814 3.9487094484e-3 2.9375448505e-2
  321.2835 3.9178582293e-3 2.9521006878e-2
  323.7857 3.8874853533e-3 2.9665724438e-2
  326.2878 3.8575797810e-3 2.9809608450e-2
  328.7900 3.8281308102e-3 2.9952666094e-2
  331.2921 3.7991280630e-3 3.0094904469e-2
  333.7942 3.7705614735e-3 3.0236330593e-2
  336.2964 3.7424212765e-3 3.0376951404e-2
  338.7985 3.7146979959e-3 3.0516773759e-2
  341.3006 3.6873824347e-3 3.0655804442e-2
  343.8028 3.6604656640e-3 3.0794050156e-2
  345.7300 3.6400000000e-3 3.0900000000e-2
  346.3049 3.6348497629e-3 3.0937053688e-2
  348.8071 3.6126038440e-3 3.1098129512e-2
  351.3092 3.5906285665e-3 3.1258901037e-2
  353.8113 3.5689190215e-3 3.1419369126e-2
  356.3135 3.5474704180e-3 3.1579534635e-2
  358.8156 3.5262780793e-3 3.1739398422e-2
  361.3177 3.5053374401e-3 3.1898961336e-2
  363.8199 3.4846440427e-3 3.2058224227e-2
  366.3220 3.4641935341e-3 3.2217187940e-2
  368.8242 3.4439816629e-3 3.2375853317e-2
  371.3263 3.4240042763e-3 3.2534221197e-2
  373.8284 3.4042573173e-3 3.2692292417e-2
  376.3306 3.3847368221e-3 3.2850067810e-2
  378.8327 3.3654389171e-3 3.3007548203e-2
  381.3348 3.3463598167e-3 3.3164734426e-2
  383.8370 3.3274958204e-3 3.3321627300e-2
  386.3391 3.3088433111e-3 3.3478227646e-2
  388.8412 3.2903987520e-3 3.3634536282e-2
  391.3434 3.2721586848e-3 3.3790554022e-2
  393.8455 3.2541197275e-3 3.3946281678e-2
  396.3477 3.2362785723e-3 3.4101720057e-2
  398.8498 3.2186319835e-3 3.4256869964e-2
  401.3519 3.2011767956e-3 3.4411732203e-2
  403.8541 3.1839099114e-3 3.4566307572e-2
  406.3562 3.1668283002e-3 3.4720596869e-2
  408.8583 3.1499289959e-3 3.4874600885e-2
  411.3605 3.1332090954e-3 3.5028320412e-2
  413.8626 3.1166657570e-3 3.5181756238e-2
  416.3648 3.1002961986e-3 3.5334909146e-2
  418.8669 3.0840976964e-3 3.5487779919e-2
  421.3690 3.0680675830e-3 3.5640369336e-2
  423.8712 3.0522032463e-3 3.5792678172e-2
  426.3733 3.0365021281e-3 3.5944707202e-2
  428.8754 3.0209617222e-3 3.6096457194e-2
  431.3776 3.0055795737e-3 3.6247928918e-2
  433.8797 2.9903532775e-3 3.6399123137e-2
  436.3819 2.9752804768e-3 3.6550040613e-2
  438.8840 2.9603588622e-3 3.6700682105e-2
  441.3861 2.9455861704e-3 3.6851048371e-2
  443.8883 2.9309601829e-3 3.7001140162e-2
  446.3904 2.9164787254e-3 3.7150958232e-2
  448.8925 2.9021396658e-3 3.7300503326e-2
  451.3947 2.8879409144e-3 3.7449776191e-2
  453.8968 2.8738804215e-3 3.7598777570e-2
  456.3990 2.8599561778e-3 3.7747508201e-2
  458.9011 2.8461662122e-3 3.7895968824e-2
  461.4032 2.8325085917e-3 3.8044160172e-2
  463.9054 2.8189814203e-3 3.8192082976e-2
  466.4075 2.8055828377e-3 3.8339737968e-2
  468.9096 2.7923110193e-3 3.8487125872e-2
  471.4118 2.7791641744e-3 3.8634247414e-2
  473.9139 2.7661405462e-3 3.8781103314e-2
  476.4160 2.7532384104e-3 3.8927694292e-2
  478.9182 2.7404560750e-3 3.9074021063e-2
  481.4203 2.7277918790e-3 3.9220084341e-2
  483.9225 2.7152441921e-3 3.9365884838e-2
  486.4246 2.7028114140e-3 3.9511423262e-2
  488.9267 2.6904919734e-3 3.9656700318e-2
  491.4289 2.6782843274e-3 3.9801716711e-2
  493.9310 2.6661869612e-3 3.9946473141e-2
  496.4331 2.6541983873e-3 4.0090970306e-2
  498.9353 2.6423171445e-3 4.0235208903e-2
  501.4374 2.6305417980e-3 4.0379189624e-2
  503.9396 2.6188709383e-3 4.0522913162e-2
  506.4417 2.6073031808e-3 4.0666380204e-2
  508.9438 2.5958371653e-3 4.0809591436e-2
  511.4460 2.5844715553e-3 4.0952547542e-2
  513.9481 2.5732050378e-3 4.1095249203e-2
  516.4502 2.5620363225e-3 4.1237697098e-2
  518.9524 2.5509641414e-3 4.1379891903e-2
  521.4545 2.5399872483e-3 4.1521834292e-2
  523.9567 2.5291044184e-3 4.1663524936e-2
  526.4588 2.5183144477e-3 4.1804964505e-2
  528.9609 2.5076161529e-3 4.1946153665e-2
  531.4631 2.4970083705e-3 4.2087093082e-2
  533.9652 2.4864899567e-3 4.2227783416e-2
  536.4673 2.4760597868e-3 4.2368225327e-2
  538.9695 2.4657167551e-3 4.2508419474e-2
  541.4716 2.4554597740e-3 4.2648366510e-2
  543.9737 2.4452877741e-3 4.2788067090e-2
  546.4759 2.4351997037e-3 4.2927521862e-2
  548.9780 2.4251945283e-3 4.3066731477e-2
  551.4802 2.4152712303e-3 4.3205696578e-2
  553.9823 2.4054288087e-3 4.3344417811e-2
  556.4844 2.3956662789e-3 4.3482895816e-2
  558.9866 2.3859826720e-3 4.3621131232e-2
  561.4887 2.3763770349e-3 4.3759124697e-2
  563.9908 2.3668484295e-3 4.3896876845e-2
  566.4930 2.3573959331e-3 4.4034388309e-2
  568.9951 2.3480186373e-3 4.4171659718e-2
  571.4973 2.3387156483e-3 4.4308691701e-2
  573.9994 2.3294860864e-3 4.4445484884e-2
  576.5015 2.3203290857e-3 4.4582039891e-2
  579.0037 2.3112437937e-3 4.4718357342e-2
  581.5058 2.3022293715e-3 4.4854437857e-2
  584.0079 2.2932849931e-3 4.4990282054e-2
  586.5101 2.2844098452e-3 4.5125890548e-2
  589.0122 2.2756031272e-3 4.5261263951e-2
  591.5144 2.2668640507e-3 4.5396402874e-2
  594.0165 2.2581918393e-3 4.5531307926e-2
  596.5186 2.2495857287e-3 4.5665979713e-2
  599.0208 2.2410449658e-3 4.5800418841e-2
  601.5229 2.2325688092e-3 4.5934625910e-2
  604.0250 2.2241565287e-3 4.6068601523e-2
  606.5272 2.2158074049e-3 4.6202346276e-2
  609.0293 2.2075207291e-3 4.6335860767e-2
  611.5315 2.1992958035e-3 4.6469145589e-2
  614.0336 2.1911319402e-3 4.6602201334e-2
  616.5357 2.1830284619e-3 4.6735028592e-2
  619.0379 2.1749847011e-3 4.6867627952e-2
  621.5400 2.1670000000e-3 4.7000000000e-2
/
SOLUTION
PRESSURE
 3.2977900729e2 3.2977900729e2 3.2977900729e2 3.2977900729e2 3.2977900729e2 3.2977900729e2
 3.2977900729e2 3.2977900729e2 3.2977900729e2 3.2977900729e2 3.2977900729e2 3.2977900729e2
 3.2977900729e2 3.2977900729e2 3.2977900729e2 3.2977900729e2 3.2977900729e2 3.2977900729e2
 3.2977900729e2 3.2977900729e2 3.2977900729e2 3.2977900729e2 3.2977900729e2 3.2977900729e2
 3.2977900729e2 3.2977900729e2 3.2977900729e2 3.2977900729e2 3.2977900729e2 3.2977900729e2
 3.2977900729e2 3.2977900729e2 3.2977900729e2 3.2977900729e2 3.2977900729e2 3.2977900729e2
 3.2977900729e2 3.2977900729e2 3.2977900729e2 3.2977900729e2 3.2977900729e2 3.2977900729e2
 3.2977900729e2 3.2977900729e2 3.2977900729e2 3.2977900729e2 3.2977900729e2 3.2977900729e2
 3.2977900729e2 3.2977900729e2 3.2977900729e2 3.2977900729e2 3.2977900729e2 3.2977900729e2
 3.2977900729e2 3.2977900729e2 3.2977900729e2 3.2977900729e2 3.2977900729e2 3.2977900729e2
 3.2977900729e2 3.2977900729e2 3.2977900729e2 3.2977900729e2 3.2977900729e2 3.2977900729e2
 3.2977900729e2 3.2977900729e2 3.2977900729e2 3.2977900729e2 3.2977900729e2 3.2977900729e2
 3.2977900729e2 3.2977900729e2 3.2977900729e2 3.2977900729e2 3.2977900729e2 3.2977900729e2
 3.2977900729e2 3.2977900729e2 3.2977900729e2 3.2977900729e2 3.2977900729e2 3.2977900729e2
 3.2977900729e2 3.2977900729e2 3.2977900729e2 3.2977900729e2 3.2977900729e2 3.2977900729e2
 3.2977900729e2 3.2977900729e2 3.2977900729e2 3.2977900729e2 3.2977900729e2 3.2977900729e2
 3.2977900729e2 3.2977900729e2 3.2977900729e2 3.2977900729e2 3.3024858270e2 3.3024858270e2
 3.3024858270e2 3.3024858270e2 3.3024858270e2 3.3024858270e2 3.3024858270e2 3.3024858270e2
 3.3024858270e2 3.3024858270e2 3.3024858270e2 3.3024858270e2 3.3024858270e2 3.3024858270e2
 3.3024858270e2 3.3024858270e2 3.3024858270e2 3.3024858270e2 3.3024858270e2 3.3024858270e2
 3.3024858270e2 3.3024858270e2 3.3024858270e2 3.3024858270e2 3.3024858270e2 3.3024858270e2
 3.3024858270e2 3.3024858270e2 3.3024858270e2 3.3024858270e2 3.3024858270e2 3.3024858270e2
 3.3024858270e2 3.3024858270e2 3.3024858270e2 3.3024858270e2 3.3024858270e2 3.3024858270e2
 3.3024858270e2 3.3024858270e2 3.3024858270e2 3.3024858270e2 3.3024858270e2 3.3024858270e2
 3.3024858270e2 3.3024858270e2 3.3024858270e2 3.3024858270e2 3.3024858270e2 3.3024858270e2
 3.3024858270e2 3.3024858270e2 3.3024858270e2 3.3024858270e2 3.3024858270e2 3.3024858270e2
 3.3024858270e2 3.3024858270e2 3.3024858270e2 3.3024858270e2 3.3024858270e2 3.3024858270e2
 3.3024858270e2 3.3024858270e2 3.3024858270e2 3.3024858270e2 3.3024858270e2 3.3024858270e2
 3.3024858270e2 3.3024858270e2 3.3024858270e2 3.3024858270e2 3.3024858270e2 3.3024858270e2
 3.3024858270e2 3.3024858270e2 3.3024858270e2 3.3024858270e2 3.3024858270e2 3.3024858270e2
 3.3024858270e2 3.3024858270e2 3.3024858270e2 3.3024858270e2 3.3024858270e2 3.3024858270e2
 3.3024858270e2 3.3024858270e2 3.3024858270e2 3.3024858270e2 3.3024858270e2 3.3024858270e2
 3.3024858270e2 3.3024858270e2 3.3024858270e2 3.3024858270e2 3.3024858270e2 3.3024858270e2
 3.3024858270e2 3.3024858270e2 3.3100000000e2 3.3100000000e2 3.3100000000e2 3.3100000000e2
 3.3100000000e2 3.3100000000e2 3.3100000000e2 3.3100000000e2 3.3100000000e2 3.3100000000e2
 3.3100000000e2 3.3100000000e2 3.3100000000e2 3.3100000000e2 3.3100000000e2 3.3100000000e2
 3.3100000000e2 3.3100000000e2 3.3100000000e2 3.3100000000e2 3.3100000000e2 3.3100000000e2
 3.3100000000e2 3.3100000000e2 3.3100000000e2 3.3100000000e2 3.3100000000e2 3.3100000000e2
 3.3100000000e2 3.3100000000e2 3.3100000000e2 3.3100000000e2 3.3100000000e2 3.3100000000e2
 3.3100000000e2 3.3100000000e2 3.3100000000e2 3.3100000000e2 3.3100000000e2 3.3100000000e2
 3.3100000000e2 3.3100000000e2 3.3100000000e2 3.3100000000e2 3.3100000000e2 3.3100000000e2
 3.3100000000e2 3.3100000000e2 3.3100000000e2 3.3100000000e2 3.3100000000e2 3.3100000000e2
 3.3100000000e2 3.3100000000e2 3.3100000000e2 3.3100000000e2 3.3100000000e2 3.3100000000e2
 3.3100000000e2 3.3100000000e2 3.3100000000e2 3.3100000000e2 3.3100000000e2 3.3100000000e2
 3.3100000000e2 3.3100000000e2 3.3100000000e2 3.3100000000e2 3.3100000000e2 3.3100000000e2
 3.3100000000e2 3.3100000000e2 3.3100000000e2 3.3100000000e2 3.3100000000e2 3.3100000000e2
 3.3100000000e2 3.3100000000e2 3.3100000000e2 3.3100000000e2 3.3100000000e2 3.3100000000e2
 3.3100000000e2 3.3100000000e2 3.3100000000e2 3.3100000000e2 3.3100000000e2 3.3100000000e2
 3.3100000000e2 3.3100000000e2 3.3100000000e2 3.3100000000e2 3.3100000000e2 3.3100000000e2
 3.3100000000e2 3.3100000000e2 3.3100000000e2 3.3100000000e2 3.3100000000e2 3.3100000000e2
 /
SWAT
 1.2000000000e-1 1.2000000000e-1 1.2000000000e-1 1.2000000000e-1 1.2000000000e-1 1.2000000000e-1
 1.2000000000e-1 1.2000000000e-1 1.2000000000e-1 1.2000000000e-1 1.2000000000e-1 1.2000000000e-1
 1.2000000000e-1 1.2000000000e-1 1.2000000000e-1 1.2000000000e-1 1.2000000000e-1 1.2000000000e-1
 1.2000000000e-1 1.2000000000e-1 1.2000000000e-1 1.2000000000e-1 1.2000000000e-1 1.2000000000e-1
 1.2000000000e-1 1.2000000000e-1 1.2000000000e-1 1.2000000000e-1 1.2000000000e-1 1.2000000000e-1
 1.2000000000e-1 1.2000000000e-1 1.2000000000e-1 1.2000000000e-1 1.2000000000e-1 1.2000000000e-1
 1.2000000000e-1 1.2000000000e-1 1.2000000000e-1 1.2000000000e-1 1.2000000000e-1 1.2000000000e-1
 1.2000000000e-1 1.2000000000e-1 1.2000000000e-1 1.2000000000e-1 1.2000000000e-1 1.2000000000e-1
 1.2000000000e-1 1.2000000000e-1 1.2000000000e-1 1.2000000000e-1 1.2000000000e-1 1.2000000000e-1
 1.2000000000e-1 1.2000000000e-1 1.2000000000e-1 1.2000000000e-1 1.2000000000e-1 1.2000000000e-1
 1.2000000000e-1 1.2000000000e-1 1.2000000000e-1 1.2000000000e-1 1.2000000000e-1 1.2000000000e-1
 1.2000000000e-1 1.2000000000e-1 1.2000000000e-1 1.2000000000e-1 1.2000000000e-1 1.2000000000e-1
 1.2000000000e-1 1.2000000000e-1 1.2000000000e-1 1.2000000000e-1 1.2000000000e-1 1.2000000000e-1
 1.2000000000e-1 1.2000000000e-1 1.2000000000e-1 1.2000000000e-1 1.2000000000e-1 1.2000000000e-1
 1.2000000000e-1 1.2000000000e-1 1.2000000000e-1 1.2000000000e-1 1.2000000000e-1 1.2000000000e-1
 1.2000000000e-1 1.2000000000e-1 1.2000000000e-1 1.2000000000e-1 1.2000000000e-1 1.2000000000e-1
 1.2000000000e-1 1.2000000000e-1 1.2000000000e-1 1.2000000000e-1 1.2000000000e-1 1.2000000000e-1
 1.2000000000e-1 1.2000000000e-1 1.2000000000e-1 1.2000000000e-1 1.2000000000e-1 1.2000000000e-1
 1.2000000000e-1 1.2000000000e-1 1.2000000000e-1 1.2000000000e-1 1.2000000000e-1 1.2000000000e-1
 1.2000000000e-1 1.2000000000e-1 1.2000000000e-1 1.2000000000e-1 1.2000000000e-1 1.2000000000e-1
 1.2000000000e-1 1.2000000000e-1 1.2000000000e-1 1.2000000000e-1 1.2000000000e-1 1.2000000000e-1
 1.2000000000e-1 1.2000000000e-1 1.2000000000e-1 1.2000000000e-1 1.2000000000e-1 1.2000000000e-1
 1.2000000000e-1 1.2000000000e-1 1.2000000000e-1 1.2000000000e-1 1.2000000000e-1 1.2000000000e-1
 1.2000000000e-1 1.2000000000e-1 1.2000000000e-1 1.2000000000e-1 1.2000000000e-1 1.2000000000e-1
 1.2000000000e-1 1.2000000000e-1 1.2000000000e-1 1.2000000000e-1 1.2000000000e-1 1.2000000000e-1
 1.2000000000e-1 1.2000000000e-1 1.2000000000e-1 1.2000000000e-1 1.2000000000e-1 1.2000000000e-1
 1.2000000000e-1 1.2000000000e-1 1.2000000000e-1 1.2000000000e-1 1.2000000000e-1 1.2000000000e-1
 1.2000000000e-1 1.2000000000e-1 1.2000000000e-1 1.2000000000e-1 1.2000000000e-1 1.2000000000e-1
 1.2000000000e-1 1.2000000000e-1 1.2000000000e-1 1.2000000000e-1 1.2000000000e-1 1.2000000000e-1
 1.2000000000e-1 1.2000000000e-1 1.2000000000e-1 1.2000000000e-1 1.2000000000e-1 1.2000000000e-1
 1.2000000000e-1 1.2000000000e-1 1.2000000000e-1 1.2000000000e-1 1.2000000000e-1 1.2000000000e-1
 1.2000000000e-1 1.2000000000e-1 1.2000000000e-1 1.2000000000e-1 1.2000000000e-1 1.2000000000e-1
 1.2000000000e-1 1.2000000000e-1 1.2000000000e-1 1.2000000000e-1 1.2000000000e-1 1.2000000000e-1
 1.2000000000e-1 1.2000000000e-1 1.2000000000e-1 1.2000000000e-1 1.2000000000e-1 1.2000000000e-1
 1.2000000000e-1 1.2000000000e-1 1.2000000000e-1 1.2000000000e-1 1.2000000000e-1 1.2000000000e-1
 1.2000000000e-1 1.2000000000e-1 1.2000000000e-1 1.2000000000e-1 1.2000000000e-1 1.2000000000e-1
 1.2000000000e-1 1.2000000000e-1 1.2000000000e-1 1.2000000000e-1 1.2000000000e-1 1.2000000000e-1
 1.2000000000e-1 1.2000000000e-1 1.2000000000e-1 1.2000000000e-1 1.2000000000e-1 1.2000000000e-1
 1.2000000000e-1 1.2000000000e-1 1.2000000000e-1 1.2000000000e-1 1.2000000000e-1 1.2000000000e-1
 1.2000000000e-1 1.2000000000e-1 1.2000000000e-1 1.2000000000e-1 1.2000000000e-1 1.2000000000e-1
 1.2000000000e-1 1.2000000000e-1 1.2000000000e-1 1.2000000000e-1 1.2000000000e-1 1.2000000000e-1
 1.2000000000e-1 1.2000000000e-1 1.2000000000e-1 1.2000000000e-1 1.2000000000e-1 1.2000000000e-1
 1.2000000000e-1 1.2000000000e-1 1.2000000000e-1 1.2000000000e-1 1.2000000000e-1 1.2000000000e-1
 1.2000000000e-1 1.2000000000e-1 1.2000000000e-1 1.2000000000e-1 1.2000000000e-1 1.2000000000e-1
 1.2000000000e-1 1.2000000000e-1 1.2000000000e-1 1.2000000000e-1 1.2000000000e-1 1.2000000000e-1
 1.2000000000e-1 1.2000000000e-1 1.2000000000e-1 1.2000000000e-1 1.2000000000e-1 1.2000000000e-1
 1.2000000000e-1 1.2000000000e-1 1.2000000000e-1 1.2000000000e-1 1.2000000000e-1 1.2000000000e-1
 1.2000000000e-1 1.2000000000e-1 1.2000000000e-1 1.2000000000e-1 1.2000000000e-1 1.2000000000e-1
 1.2000000000e-1 1.2000000000e-1 1.2000000000e-1 1.2000000000e-1 1.2000000000e-1 1.2000000000e-1
 1.2000000000e-1 1.2000000000e-1 1.2000000000e-1 1.2000000000e-1 1.2000000000e-1 1.2000000000e-1
 /
SGAS
 0.0000000000e0 0.0000000000e0 0.0000000000e0 0.0000000000e0 0.0000000000e0 0.0000000000e0
 0.0000000000e0 0.0000000000e0 0.0000000000e0 0.0000000000e0 0.0000000000e0 0.0000000000e0
 0.0000000000e0 0.0000000000e0 0.0000000000e0 0.0000000000e0 0.0000000000e0 0.0000000000e0
 0.0000000000e0 0.0000000000e0 0.0000000000e0 0.0000000000e0 0.0000000000e0 0.0000000000e0
 0.0000000000e0 0.0000000000e0 0.0000000000e0 0.0000000000e0 0.0000000000e0 0.0000000000e0
 0.0000000000e0 0.0000000000e0 0.0000000000e0 0.0000000000e0 0.0000000000e0 0.0000000000e0
 0.0000000000e0 0.0000000000e0 0.0000000000e0 0.0000000000e0 0.0000000000e0 0.0000000000e0
 0.0000000000e0 0.0000000000e0 0.0000000000e0 0.0000000000e0 0.0000000000e0 0.0000000000e0
 0.0000000000e0 0.0000000000e0 0.0000000000e0 0.0000000000e0 0.0000000000e0 0.0000000000e0
 0.0000000000e0 0.0000000000e0 0.0000000000e0 0.0000000000e0 0.0000000000e0 0.0000000000e0
 0.0000000000e0 0.0000000000e0 0.0000000000e0 0.0000000000e0 0.0000000000e0 0.0000000000e0
 0.0000000000e0 0.0000000000e0 0.0000000000e0 0.0000000000e0 0.0000000000e0 0.0000000000e0
 0.0000000000e0 0.0000000000e0 0.0000000000e0 0.0000000000e0 0.0000000000e0 0.0000000000e0
 0.0000000000e0 0.0000000000e0 0.0000000000e0 0.0000000000e0 0.0000000000e0 0.0000000000e0
 0.0000000000e0 0.0000000000e0 0.0000000000e0 0.0000000000e0 0.0000000000e0 0.0000000000e0
 0.0000000000e0 0.0000000000e0 0.0000000000e0 0.0000000000e0 0.0000000000e0 0.0000000000e0
 0.0000000000e0 0.0000000000e0 0.0000000000e0 0.0000000000e0 0.0000000000e0 0.0000000000e0
 0.0000000000e0 0.0000000000e0 0.0000000000e0 0.0000000000e0 0.0000000000e0 0.0000000000e0
 0.0000000000e0 0.0000000000e0 0.0000000000e0 0.0000000000e0 0.0000000000e0 0.0000000000e0
 0.0000000000e0 0.0000000000e0 0.0000000000e0 0.0000000000e0 0.0000000000e0 0.0000000000e0
 0.0000000000e0 0.0000000000e0 0.0000000000e0 0.0000000000e0 0.0000000000e0 0.0000000000e0
 0.0000000000e0 0.0000000000e0 0.0000000000e0 0.0000000000e0 0.0000000000e0 0.0000000000e0
 0.0000000000e0 0.0000000000e0 0.0000000000e0 0.0000000000e0 0.0000000000e0 0.0000000000e0
 0.0000000000e0 0.0000000000e0 0.0000000000e0 0.0000000000e0 0.0000000000e0 0.0000000000e0
 0.0000000000e0 0.0000000000e0 0.0000000000e0 0.0000000000e0 0.0000000000e0 0.0000000000e0
 0.0000000000e0 0.0000000000e0 0.0000000000e0 0.0000000000e0 0.0000000000e0 0.0000000000e0
 0.0000000000e0 0.0000000000e0 0.0000000000e0 0.0000000000e0 0.0000000000e0 0.0000000000e0
 0.0000000000e0 0.0000000000e0 0.0000000000e0 0.0000000000e0 0.0000000000e0 0.0000000000e0
 0.0000000000e0 0.0000000000e0 0.0000000000e0 0.0000000000e0 0.0000000000e0 0.0000000000e0
 0.0000000000e0 0.0000000000e0 0.0000000000e0 0.0000000000e0 0.0000000000e0 0.0000000000e0
 0.0000000000e0 0.0000000000e0 0.0000000000e0 0.0000000000e0 0.0000000000e0 0.0000000000e0
 0.0000000000e0 0.0000000000e0 0.0000000000e0 0.0000000000e0 0.0000000000e0 0.0000000000e0
 0.0000000000e0 0.0000000000e0 0.0000000000e0 0.0000000000e0 0.0000000000e0 0.0000000000e0
 0.0000000000e0 0.0000000000e0 0.0000000000e0 0.0000000000e0 0.0000000000e0 0.0000000000e0
 0.0000000000e0 0.0000000000e0 0.0000000000e0 0.0000000000e0 0.0000000000e0 0.0000000000e0
 0.0000000000e0 0.0000000000e0 0.0000000000e0 0.0000000000e0 0.0000000000e0 0.0000000000e0
 0.0000000000e0 0.0000000000e0 0.0000000000e0 0.0000000000e0 0.0000000000e0 0.0000000000e0
 0.0000000000e0 0.0000000000e0 0.0000000000e0 0.0000000000e0 0.0000000000e0 0.0000000000e0
 0.0000000000e0 0.0000000000e0 0.0000000000e0 0.0000000000e0 0.0000000000e0 0.0000000000e0
 0.0000000000e0 0.0000000000e0 0.0000000000e0 0.0000000000e0 0.0000000000e0 0.0000000000e0
 0.0000000000e0 0.0000000000e0 0.0000000000e0 0.0000000000e0 0.0000000000e0 0.0000000000e0
 0.0000000000e0 0.0000000000e0 0.0000000000e0 0.0000000000e0 0.0000000000e0 0.0000000000e0
 0.0000000000e0 0.0000000000e0 0.0000000000e0 0.0000000000e0 0.0000000000e0 0.0000000000e0
 0.0000000000e0 0.0000000000e0 0.0000000000e0 0.0000000000e0 0.0000000000e0 0.0000000000e0
 0.0000000000e0 0.0000000000e0 0.0000000000e0 0.0000000000e0 0.0000000000e0 0.0000000000e0
 0.0000000000e0 0.0000000000e0 0.0000000000e0 0.0000000000e0 0.0000000000e0 0.0000000000e0
 0.0000000000e0 0.0000000000e0 0.0000000000e0 0.0000000000e0 0.0000000000e0 0.0000000000e0
 0.0000000000e0 0.0000000000e0 0.0000000000e0 0.0000000000e0 0.0000000000e0 0.0000000000e0
 0.0000000000e0 0.0000000000e0 0.0000000000e0 0.0000000000e0 0.0000000000e0 0.0000000000e0
 0.0000000000e0 0.0000000000e0 0.0000000000e0 0.0000000000e0 0.0000000000e0 0.0000000000e0
 /
RS
 2.2619700000e2 2.2619700000e2 2.2619700000e2 2.2619700000e2 2.2619700000e2 2.2619700000e2
 2.2619700000e2 2.2619700000e2 2.2619700000e2 2.2619700000e2 2.2619700000e2 2.2619700000e2
 2.2619700000e2 2.2619700000e2 2.2619700000e2 2.2619700000e2 2.2619700000e2 2.2619700000e2
 2.2619700000e2 2.2619700000e2 2.2619700000e2 2.2619700000e2 2.2619700000e2 2.2619700000e2
 2.2619700000e2 2.2619700000e2 2.2619700000e2 2.2619700000e2 2.2619700000e2 2.2619700000e2
 2.2619700000e2 2.2619700000e2 2.2619700000e2 2.2619700000e2 2.2619700000e2 2.2619700000e2
 2.2619700000e2 2.2619700000e2 2.2619700000e2 2.2619700000e2 2.2619700000e2 2.2619700000e2
 2.2619700000e2 2.2619700000e2 2.2619700000e2 2.2619700000e2 2.2619700000e2 2.2619700000e2
 2.2619700000e2 2.2619700000e2 2.2619700000e2 2.2619700000e2 2.2619700000e2 2.2619700000e2
 2.2619700000e2 2.2619700000e2 2.2619700000e2 2.2619700000e2 2.2619700000e2 2.2619700000e2
 2.2619700000e2 2.2619700000e2 2.2619700000e2 2.2619700000e2 2.2619700000e2 2.2619700000e2
 2.2619700000e2 2.2619700000e2 2.2619700000e2 2.2619700000e2 2.2619700000e2 2.2619700000e2
 2.2619700000e2 2.2619700000e2 2.2619700000e2 2.2619700000e2 2.2619700000e2 2.2619700000e2
 2.2619700000e2 2.2619700000e2 2.2619700000e2 2.2619700000e2 2.2619700000e2 2.2619700000e2
 2.2619700000e2 2.2619700000e2 2.2619700000e2 2.2619700000e2 2.2619700000e2 2.2619700000e2
 2.2619700000e2 2.2619700000e2 2.2619700000e2 2.2619700000e2 2.2619700000e2 2.2619700000e2
 2.2619700000e2 2.2619700000e2 2.2619700000e2 2.2619700000e2 2.2619700000e2 2.2619700000e2
 2.2619700000e2 2.2619700000e2 2.2619700000e2 2.2619700000e2 2.2619700000e2 2.2619700000e2
 2.2619700000e2 2.2619700000e2 2.2619700000e2 2.2619700000e2 2.2619700000e2 2.2619700000e2
 2.2619700000e2 2.2619700000e2 2.2619700000e2 2.2619700000e2 2.2619700000e2 2.2619700000e2
 2.2619700000e2 2.2619700000e2 2.2619700000e2 2.2619700000e2 2.2619700000e2 2.2619700000e2
 2.2619700000e2 2.2619700000e2 2.2619700000e2 2.2619700000e2 2.2619700000e2 2.2619700000e2
 2.2619700000e2 2.2619700000e2 2.2619700000e2 2.2619700000e2 2.2619700000e2 2.2619700000e2
 2.2619700000e2 2.2619700000e2 2.2619700000e2 2.2619700000e2 2.2619700000e2 2.2619700000e2
 2.2619700000e2 2.2619700000e2 2.2619700000e2 2.2619700000e2 2.2619700000e2 2.2619700000e2
 2.2619700000e2 2.2619700000e2 2.2619700000e2 2.2619700000e2 2.2619700000e2 2.2619700000e2
 2.2619700000e2 2.2619700000e2 2.2619700000e2 2.2619700000e2 2.2619700000e2 2.2619700000e2
 2.2619700000e2 2.2619700000e2 2.2619700000e2 2.2619700000e2 2.2619700000e2 2.2619700000e2
 2.2619700000e2 2.2619700000e2 2.2619700000e2 2.2619700000e2 2.2619700000e2 2.2619700000e2
 2.2619700000e2 2.2619700000e2 2.2619700000e2 2.2619700000e2 2.2619700000e2 2.2619700000e2
 2.2619700000e2 2.2619700000e2 2.2619700000e2 2.2619700000e2 2.2619700000e2 2.2619700000e2
 2.2619700000e2 2.2619700000e2 2.2619700000e2 2.2619700000e2 2.2619700000e2 2.2619700000e2
 2.2619700000e2 2.2619700000e2 2.2619700000e2 2.2619700000e2 2.2619700000e2 2.2619700000e2
 2.2619700000e2 2.2619700000e2 2.2619700000e2 2.2619700000e2 2.2619700000e2 2.2619700000e2
 2.2619700000e2 2.2619700000e2 2.2619700000e2 2.2619700000e2 2.2619700000e2 2.2619700000e2
 2.2619700000e2 2.2619700000e2 2.2619700000e2 2.2619700000e2 2.2619700000e2 2.2619700000e2
 2.2619700000e2 2.2619700000e2 2.2619700000e2 2.2619700000e2 2.2619700000e2 2.2619700000e2
 2.2619700000e2 2.2619700000e2 2.2619700000e2 2.2619700000e2 2.2619700000e2 2.2619700000e2
 2.2619700000e2 2.2619700000e2 2.2619700000e2 2.2619700000e2 2.2619700000e2 2.2619700000e2
 2.2619700000e2 2.2619700000e2 2.2619700000e2 2.2619700000e2 2.2619700000e2 2.2619700000e2
 2.2619700000e2 2.2619700000e2 2.2619700000e2 2.2619700000e2 2.2619700000e2 2.2619700000e2
 2.2619700000e2 2.2619700000e2 2.2619700000e2 2.2619700000e2 2.2619700000e2 2.2619700000e2
 2.2619700000e2 2.2619700000e2 2.2619700000e2 2.2619700000e2 2.2619700000e2 2.2619700000e2
 2.2619700000e2 2.2619700000e2 2.2619700000e2 2.2619700000e2 2.2619700000e2 2.2619700000e2
 2.2619700000e2 2.2619700000e2 2.2619700000e2 2.2619700000e2 2.2619700000e2 2.2619700000e2
 2.2619700000e2 2.2619700000e2 2.2619700000e2 2.2619700000e2 2.2619700000e2 2.2619700000e2
 2.2619700000e2 2.2619700000e2 2.2619700000e2 2.2619700000e2 2.2619700000e2 2.2619700000e2
 2.2619700000e2 2.2619700000e2 2.2619700000e2 2.2619700000e2 2.2619700000e2 2.2619700000e2
 2.2619700000e2 2.2619700000e2 2.2619700000e2 2.2619700000e2 2.2619700000e2 2.2619700000e2
 2.2619700000e2 2.2619700000e2 2.2619700000e2 2.2619700000e2 2.2619700000e2 2.2619700000e2
 /
SUMMARY
FOPR
FWPR
FWIR
FOPT
FWPT
FWIT
FPR
FGPR
FGPT
FGOR
FGIR
FGIT
FVIT
WBHP
/
RUNSUM
SEPARATE
SCHEDULE
RPTRST
  BASIC=2 /
WELSPECS
  'PROD0' 'G' 10 10 2560.320000 'OIL' /
  'INJ1' 'G' 1 1 2540.508000 'GAS' /
/
COMPDAT
  'PROD0' 10 10 3 3 'OPEN' 2* 0.1524 /
  'INJ1' 1 1 1 1 'OPEN' 2* 0.1524 /
/
WCONPROD
  'PROD0' 'OPEN' 'ORAT' 3179.74 4* 69 /
/
WCONINJE
  'INJ1' 'GAS' 'OPEN' 'RATE' 2831680 1* 621 /
/
TSTEP
  120*30 /
END
