-- Generated by src/lib/ressim/src/tests/opm_small_direct.rs; do not edit by hand.
-- Case spe1-10x10x3: spe1_acceptance SPE1 Case 1: gravity, three layers, gas rate injector, ORAT producer with a BHP floor.
-- Tables are ResSim's own relperm/PVT functions sampled onto dense nodes.
-- Run with: flow CASE.DATA
RUNSPEC
TITLE
  ressim small-direct spe1-10x10x3 /
DIMENS
  10 10 3 /
OIL
WATER
GAS
DISGAS
METRIC
TABDIMS
  1 1 250 250 1 250 /
WELLDIMS
  2 1 1 2 /
START
  1 JAN 2026 /
UNIFOUT
GRID
INIT
DX
 3.0480000000e2 3.0480000000e2 3.0480000000e2 3.0480000000e2 3.0480000000e2 3.0480000000e2
 3.0480000000e2 3.0480000000e2 3.0480000000e2 3.0480000000e2 3.0480000000e2 3.0480000000e2
 3.0480000000e2 3.0480000000e2 3.0480000000e2 3.0480000000e2 3.0480000000e2 3.0480000000e2
 3.0480000000e2 3.0480000000e2 3.0480000000e2 3.0480000000e2 3.0480000000e2 3.0480000000e2
 3.0480000000e2 3.0480000000e2 3.0480000000e2 3.0480000000e2 3.0480000000e2 3.0480000000e2
 3.0480000000e2 3.0480000000e2 3.0480000000e2 3.0480000000e2 3.0480000000e2 3.0480000000e2
 3.0480000000e2 3.0480000000e2 3.0480000000e2 3.0480000000e2 3.0480000000e2 3.0480000000e2
 3.0480000000e2 3.0480000000e2 3.0480000000e2 3.0480000000e2 3.0480000000e2 3.0480000000e2
 3.0480000000e2 3.0480000000e2 3.0480000000e2 3.0480000000e2 3.0480000000e2 3.0480000000e2
 3.0480000000e2 3.0480000000e2 3.0480000000e2 3.0480000000e2 3.0480000000e2 3.0480000000e2
 3.0480000000e2 3.0480000000e2 3.0480000000e2 3.0480000000e2 3.0480000000e2 3.0480000000e2
 3.0480000000e2 3.0480000000e2 3.0480000000e2 3.0480000000e2 3.0480000000e2 3.0480000000e2
 3.0480000000e2 3.0480000000e2 3.0480000000e2 3.0480000000e2 3.0480000000e2 3.0480000000e2
 3.0480000000e2 3.0480000000e2 3.0480000000e2 3.0480000000e2 3.0480000000e2 3.0480000000e2
 3.0480000000e2 3.0480000000e2 3.0480000000e2 3.0480000000e2 3.0480000000e2 3.0480000000e2
 3.0480000000e2 3.0480000000e2 3.0480000000e2 3.0480000000e2 3.0480000000e2 3.0480000000e2
 3.0480000000e2 3.0480000000e2 3.0480000000e2 3.0480000000e2 3.0480000000e2 3.0480000000e2
 3.0480000000e2 3.0480000000e2 3.0480000000e2 3.0480000000e2 3.0480000000e2 3.0480000000e2
 3.0480000000e2 3.0480000000e2 3.0480000000e2 3.0480000000e2 3.0480000000e2 3.0480000000e2
 3.0480000000e2 3.0480000000e2 3.0480000000e2 3.0480000000e2 3.0480000000e2 3.0480000000e2
 3.0480000000e2 3.0480000000e2 3.0480000000e2 3.0480000000e2 3.0480000000e2 3.0480000000e2
 3.0480000000e2 3.0480000000e2 3.0480000000e2 3.0480000000e2 3.0480000000e2 3.0480000000e2
 3.0480000000e2 3.0480000000e2 3.0480000000e2 3.0480000000e2 3.0480000000e2 3.0480000000e2
 3.0480000000e2 3.0480000000e2 3.0480000000e2 3.0480000000e2 3.0480000000e2 3.0480000000e2
 3.0480000000e2 3.0480000000e2 3.0480000000e2 3.0480000000e2 3.0480000000e2 3.0480000000e2
 3.0480000000e2 3.0480000000e2 3.0480000000e2 3.0480000000e2 3.0480000000e2 3.0480000000e2
 3.0480000000e2 3.0480000000e2 3.0480000000e2 3.0480000000e2 3.0480000000e2 3.0480000000e2
 3.0480000000e2 3.0480000000e2 3.0480000000e2 3.0480000000e2 3.0480000000e2 3.0480000000e2
 3.0480000000e2 3.0480000000e2 3.0480000000e2 3.0480000000e2 3.0480000000e2 3.0480000000e2
 3.0480000000e2 3.0480000000e2 3.0480000000e2 3.0480000000e2 3.0480000000e2 3.0480000000e2
 3.0480000000e2 3.0480000000e2 3.0480000000e2 3.0480000000e2 3.0480000000e2 3.0480000000e2
 3.0480000000e2 3.0480000000e2 3.0480000000e2 3.0480000000e2 3.0480000000e2 3.0480000000e2
 3.0480000000e2 3.0480000000e2 3.0480000000e2 3.0480000000e2 3.0480000000e2 3.0480000000e2
 3.0480000000e2 3.0480000000e2 3.0480000000e2 3.0480000000e2 3.0480000000e2 3.0480000000e2
 3.0480000000e2 3.0480000000e2 3.0480000000e2 3.0480000000e2 3.0480000000e2 3.0480000000e2
 3.0480000000e2 3.0480000000e2 3.0480000000e2 3.0480000000e2 3.0480000000e2 3.0480000000e2
 3.0480000000e2 3.0480000000e2 3.0480000000e2 3.0480000000e2 3.0480000000e2 3.0480000000e2
 3.0480000000e2 3.0480000000e2 3.0480000000e2 3.0480000000e2 3.0480000000e2 3.0480000000e2
 3.0480000000e2 3.0480000000e2 3.0480000000e2 3.0480000000e2 3.0480000000e2 3.0480000000e2
 3.0480000000e2 3.0480000000e2 3.0480000000e2 3.0480000000e2 3.0480000000e2 3.0480000000e2
 3.0480000000e2 3.0480000000e2 3.0480000000e2 3.0480000000e2 3.0480000000e2 3.0480000000e2
 3.0480000000e2 3.0480000000e2 3.0480000000e2 3.0480000000e2 3.0480000000e2 3.0480000000e2
 3.0480000000e2 3.0480000000e2 3.0480000000e2 3.0480000000e2 3.0480000000e2 3.0480000000e2
 3.0480000000e2 3.0480000000e2 3.0480000000e2 3.0480000000e2 3.0480000000e2 3.0480000000e2
 3.0480000000e2 3.0480000000e2 3.0480000000e2 3.0480000000e2 3.0480000000e2 3.0480000000e2
 3.0480000000e2 3.0480000000e2 3.0480000000e2 3.0480000000e2 3.0480000000e2 3.0480000000e2
 3.0480000000e2 3.0480000000e2 3.0480000000e2 3.0480000000e2 3.0480000000e2 3.0480000000e2
 3.0480000000e2 3.0480000000e2 3.0480000000e2 3.0480000000e2 3.0480000000e2 3.0480000000e2
 3.0480000000e2 3.0480000000e2 3.0480000000e2 3.0480000000e2 3.0480000000e2 3.0480000000e2
 3.0480000000e2 3.0480000000e2 3.0480000000e2 3.0480000000e2 3.0480000000e2 3.0480000000e2
 /
DY
 3.0480000000e2 3.0480000000e2 3.0480000000e2 3.0480000000e2 3.0480000000e2 3.0480000000e2
 3.0480000000e2 3.0480000000e2 3.0480000000e2 3.0480000000e2 3.0480000000e2 3.0480000000e2
 3.0480000000e2 3.0480000000e2 3.0480000000e2 3.0480000000e2 3.0480000000e2 3.0480000000e2
 3.0480000000e2 3.0480000000e2 3.0480000000e2 3.0480000000e2 3.0480000000e2 3.0480000000e2
 3.0480000000e2 3.0480000000e2 3.0480000000e2 3.0480000000e2 3.0480000000e2 3.0480000000e2
 3.0480000000e2 3.0480000000e2 3.0480000000e2 3.0480000000e2 3.0480000000e2 3.0480000000e2
 3.0480000000e2 3.0480000000e2 3.0480000000e2 3.0480000000e2 3.0480000000e2 3.0480000000e2
 3.0480000000e2 3.0480000000e2 3.0480000000e2 3.0480000000e2 3.0480000000e2 3.0480000000e2
 3.0480000000e2 3.0480000000e2 3.0480000000e2 3.0480000000e2 3.0480000000e2 3.0480000000e2
 3.0480000000e2 3.0480000000e2 3.0480000000e2 3.0480000000e2 3.0480000000e2 3.0480000000e2
 3.0480000000e2 3.0480000000e2 3.0480000000e2 3.0480000000e2 3.0480000000e2 3.0480000000e2
 3.0480000000e2 3.0480000000e2 3.0480000000e2 3.0480000000e2 3.0480000000e2 3.0480000000e2
 3.0480000000e2 3.0480000000e2 3.0480000000e2 3.0480000000e2 3.0480000000e2 3.0480000000e2
 3.0480000000e2 3.0480000000e2 3.0480000000e2 3.0480000000e2 3.0480000000e2 3.0480000000e2
 3.0480000000e2 3.0480000000e2 3.0480000000e2 3.0480000000e2 3.0480000000e2 3.0480000000e2
 3.0480000000e2 3.0480000000e2 3.0480000000e2 3.0480000000e2 3.0480000000e2 3.0480000000e2
 3.0480000000e2 3.0480000000e2 3.0480000000e2 3.0480000000e2 3.0480000000e2 3.0480000000e2
 3.0480000000e2 3.0480000000e2 3.0480000000e2 3.0480000000e2 3.0480000000e2 3.0480000000e2
 3.0480000000e2 3.0480000000e2 3.0480000000e2 3.0480000000e2 3.0480000000e2 3.0480000000e2
 3.0480000000e2 3.0480000000e2 3.0480000000e2 3.0480000000e2 3.0480000000e2 3.0480000000e2
 3.0480000000e2 3.0480000000e2 3.0480000000e2 3.0480000000e2 3.0480000000e2 3.0480000000e2
 3.0480000000e2 3.0480000000e2 3.0480000000e2 3.0480000000e2 3.0480000000e2 3.0480000000e2
 3.0480000000e2 3.0480000000e2 3.0480000000e2 3.0480000000e2 3.0480000000e2 3.0480000000e2
 3.0480000000e2 3.0480000000e2 3.0480000000e2 3.0480000000e2 3.0480000000e2 3.0480000000e2
 3.0480000000e2 3.0480000000e2 3.0480000000e2 3.0480000000e2 3.0480000000e2 3.0480000000e2
 3.0480000000e2 3.0480000000e2 3.0480000000e2 3.0480000000e2 3.0480000000e2 3.0480000000e2
 3.0480000000e2 3.0480000000e2 3.0480000000e2 3.0480000000e2 3.0480000000e2 3.0480000000e2
 3.0480000000e2 3.0480000000e2 3.0480000000e2 3.0480000000e2 3.0480000000e2 3.0480000000e2
 3.0480000000e2 3.0480000000e2 3.0480000000e2 3.0480000000e2 3.0480000000e2 3.0480000000e2
 3.0480000000e2 3.0480000000e2 3.0480000000e2 3.0480000000e2 3.0480000000e2 3.0480000000e2
 3.0480000000e2 3.0480000000e2 3.0480000000e2 3.0480000000e2 3.0480000000e2 3.0480000000e2
 3.0480000000e2 3.0480000000e2 3.0480000000e2 3.0480000000e2 3.0480000000e2 3.0480000000e2
 3.0480000000e2 3.0480000000e2 3.0480000000e2 3.0480000000e2 3.0480000000e2 3.0480000000e2
 3.0480000000e2 3.0480000000e2 3.0480000000e2 3.0480000000e2 3.0480000000e2 3.0480000000e2
 3.0480000000e2 3.0480000000e2 3.0480000000e2 3.0480000000e2 3.0480000000e2 3.0480000000e2
 3.0480000000e2 3.0480000000e2 3.0480000000e2 3.0480000000e2 3.0480000000e2 3.0480000000e2
 3.0480000000e2 3.0480000000e2 3.0480000000e2 3.0480000000e2 3.0480000000e2 3.0480000000e2
 3.0480000000e2 3.0480000000e2 3.0480000000e2 3.0480000000e2 3.0480000000e2 3.0480000000e2
 3.0480000000e2 3.0480000000e2 3.0480000000e2 3.0480000000e2 3.0480000000e2 3.0480000000e2
 3.0480000000e2 3.0480000000e2 3.0480000000e2 3.0480000000e2 3.0480000000e2 3.0480000000e2
 3.0480000000e2 3.0480000000e2 3.0480000000e2 3.0480000000e2 3.0480000000e2 3.0480000000e2
 3.0480000000e2 3.0480000000e2 3.0480000000e2 3.0480000000e2 3.0480000000e2 3.0480000000e2
 3.0480000000e2 3.0480000000e2 3.0480000000e2 3.0480000000e2 3.0480000000e2 3.0480000000e2
 3.0480000000e2 3.0480000000e2 3.0480000000e2 3.0480000000e2 3.0480000000e2 3.0480000000e2
 3.0480000000e2 3.0480000000e2 3.0480000000e2 3.0480000000e2 3.0480000000e2 3.0480000000e2
 3.0480000000e2 3.0480000000e2 3.0480000000e2 3.0480000000e2 3.0480000000e2 3.0480000000e2
 3.0480000000e2 3.0480000000e2 3.0480000000e2 3.0480000000e2 3.0480000000e2 3.0480000000e2
 3.0480000000e2 3.0480000000e2 3.0480000000e2 3.0480000000e2 3.0480000000e2 3.0480000000e2
 3.0480000000e2 3.0480000000e2 3.0480000000e2 3.0480000000e2 3.0480000000e2 3.0480000000e2
 3.0480000000e2 3.0480000000e2 3.0480000000e2 3.0480000000e2 3.0480000000e2 3.0480000000e2
 /
DZ
 6.0960000000e0 6.0960000000e0 6.0960000000e0 6.0960000000e0 6.0960000000e0 6.0960000000e0
 6.0960000000e0 6.0960000000e0 6.0960000000e0 6.0960000000e0 6.0960000000e0 6.0960000000e0
 6.0960000000e0 6.0960000000e0 6.0960000000e0 6.0960000000e0 6.0960000000e0 6.0960000000e0
 6.0960000000e0 6.0960000000e0 6.0960000000e0 6.0960000000e0 6.0960000000e0 6.0960000000e0
 6.0960000000e0 6.0960000000e0 6.0960000000e0 6.0960000000e0 6.0960000000e0 6.0960000000e0
 6.0960000000e0 6.0960000000e0 6.0960000000e0 6.0960000000e0 6.0960000000e0 6.0960000000e0
 6.0960000000e0 6.0960000000e0 6.0960000000e0 6.0960000000e0 6.0960000000e0 6.0960000000e0
 6.0960000000e0 6.0960000000e0 6.0960000000e0 6.0960000000e0 6.0960000000e0 6.0960000000e0
 6.0960000000e0 6.0960000000e0 6.0960000000e0 6.0960000000e0 6.0960000000e0 6.0960000000e0
 6.0960000000e0 6.0960000000e0 6.0960000000e0 6.0960000000e0 6.0960000000e0 6.0960000000e0
 6.0960000000e0 6.0960000000e0 6.0960000000e0 6.0960000000e0 6.0960000000e0 6.0960000000e0
 6.0960000000e0 6.0960000000e0 6.0960000000e0 6.0960000000e0 6.0960000000e0 6.0960000000e0
 6.0960000000e0 6.0960000000e0 6.0960000000e0 6.0960000000e0 6.0960000000e0 6.0960000000e0
 6.0960000000e0 6.0960000000e0 6.0960000000e0 6.0960000000e0 6.0960000000e0 6.0960000000e0
 6.0960000000e0 6.0960000000e0 6.0960000000e0 6.0960000000e0 6.0960000000e0 6.0960000000e0
 6.0960000000e0 6.0960000000e0 6.0960000000e0 6.0960000000e0 6.0960000000e0 6.0960000000e0
 6.0960000000e0 6.0960000000e0 6.0960000000e0 6.0960000000e0 9.1440000000e0 9.1440000000e0
 9.1440000000e0 9.1440000000e0 9.1440000000e0 9.1440000000e0 9.1440000000e0 9.1440000000e0
 9.1440000000e0 9.1440000000e0 9.1440000000e0 9.1440000000e0 9.1440000000e0 9.1440000000e0
 9.1440000000e0 9.1440000000e0 9.1440000000e0 9.1440000000e0 9.1440000000e0 9.1440000000e0
 9.1440000000e0 9.1440000000e0 9.1440000000e0 9.1440000000e0 9.1440000000e0 9.1440000000e0
 9.1440000000e0 9.1440000000e0 9.1440000000e0 9.1440000000e0 9.1440000000e0 9.1440000000e0
 9.1440000000e0 9.1440000000e0 9.1440000000e0 9.1440000000e0 9.1440000000e0 9.1440000000e0
 9.1440000000e0 9.1440000000e0 9.1440000000e0 9.1440000000e0 9.1440000000e0 9.1440000000e0
 9.1440000000e0 9.1440000000e0 9.1440000000e0 9.1440000000e0 9.1440000000e0 9.1440000000e0
 9.1440000000e0 9.1440000000e0 9.1440000000e0 9.1440000000e0 9.1440000000e0 9.1440000000e0
 9.1440000000e0 9.1440000000e0 9.1440000000e0 9.1440000000e0 9.1440000000e0 9.1440000000e0
 9.1440000000e0 9.1440000000e0 9.1440000000e0 9.1440000000e0 9.1440000000e0 9.1440000000e0
 9.1440000000e0 9.1440000000e0 9.1440000000e0 9.1440000000e0 9.1440000000e0 9.1440000000e0
 9.1440000000e0 9.1440000000e0 9.1440000000e0 9.1440000000e0 9.1440000000e0 9.1440000000e0
 9.1440000000e0 9.1440000000e0 9.1440000000e0 9.1440000000e0 9.1440000000e0 9.1440000000e0
 9.1440000000e0 9.1440000000e0 9.1440000000e0 9.1440000000e0 9.1440000000e0 9.1440000000e0
 9.1440000000e0 9.1440000000e0 9.1440000000e0 9.1440000000e0 9.1440000000e0 9.1440000000e0
 9.1440000000e0 9.1440000000e0 1.5240000000e1 1.5240000000e1 1.5240000000e1 1.5240000000e1
 1.5240000000e1 1.5240000000e1 1.5240000000e1 1.5240000000e1 1.5240000000e1 1.5240000000e1
 1.5240000000e1 1.5240000000e1 1.5240000000e1 1.5240000000e1 1.5240000000e1 1.5240000000e1
 1.5240000000e1 1.5240000000e1 1.5240000000e1 1.5240000000e1 1.5240000000e1 1.5240000000e1
 1.5240000000e1 1.5240000000e1 1.5240000000e1 1.5240000000e1 1.5240000000e1 1.5240000000e1
 1.5240000000e1 1.5240000000e1 1.5240000000e1 1.5240000000e1 1.5240000000e1 1.5240000000e1
 1.5240000000e1 1.5240000000e1 1.5240000000e1 1.5240000000e1 1.5240000000e1 1.5240000000e1
 1.5240000000e1 1.5240000000e1 1.5240000000e1 1.5240000000e1 1.5240000000e1 1.5240000000e1
 1.5240000000e1 1.5240000000e1 1.5240000000e1 1.5240000000e1 1.5240000000e1 1.5240000000e1
 1.5240000000e1 1.5240000000e1 1.5240000000e1 1.5240000000e1 1.5240000000e1 1.5240000000e1
 1.5240000000e1 1.5240000000e1 1.5240000000e1 1.5240000000e1 1.5240000000e1 1.5240000000e1
 1.5240000000e1 1.5240000000e1 1.5240000000e1 1.5240000000e1 1.5240000000e1 1.5240000000e1
 1.5240000000e1 1.5240000000e1 1.5240000000e1 1.5240000000e1 1.5240000000e1 1.5240000000e1
 1.5240000000e1 1.5240000000e1 1.5240000000e1 1.5240000000e1 1.5240000000e1 1.5240000000e1
 1.5240000000e1 1.5240000000e1 1.5240000000e1 1.5240000000e1 1.5240000000e1 1.5240000000e1
 1.5240000000e1 1.5240000000e1 1.5240000000e1 1.5240000000e1 1.5240000000e1 1.5240000000e1
 1.5240000000e1 1.5240000000e1 1.5240000000e1 1.5240000000e1 1.5240000000e1 1.5240000000e1
 /
TOPS
 2.5600000000e3 2.5600000000e3 2.5600000000e3 2.5600000000e3 2.5600000000e3 2.5600000000e3
 2.5600000000e3 2.5600000000e3 2.5600000000e3 2.5600000000e3 2.5600000000e3 2.5600000000e3
 2.5600000000e3 2.5600000000e3 2.5600000000e3 2.5600000000e3 2.5600000000e3 2.5600000000e3
 2.5600000000e3 2.5600000000e3 2.5600000000e3 2.5600000000e3 2.5600000000e3 2.5600000000e3
 2.5600000000e3 2.5600000000e3 2.5600000000e3 2.5600000000e3 2.5600000000e3 2.5600000000e3
 2.5600000000e3 2.5600000000e3 2.5600000000e3 2.5600000000e3 2.5600000000e3 2.5600000000e3
 2.5600000000e3 2.5600000000e3 2.5600000000e3 2.5600000000e3 2.5600000000e3 2.5600000000e3
 2.5600000000e3 2.5600000000e3 2.5600000000e3 2.5600000000e3 2.5600000000e3 2.5600000000e3
 2.5600000000e3 2.5600000000e3 2.5600000000e3 2.5600000000e3 2.5600000000e3 2.5600000000e3
 2.5600000000e3 2.5600000000e3 2.5600000000e3 2.5600000000e3 2.5600000000e3 2.5600000000e3
 2.5600000000e3 2.5600000000e3 2.5600000000e3 2.5600000000e3 2.5600000000e3 2.5600000000e3
 2.5600000000e3 2.5600000000e3 2.5600000000e3 2.5600000000e3 2.5600000000e3 2.5600000000e3
 2.5600000000e3 2.5600000000e3 2.5600000000e3 2.5600000000e3 2.5600000000e3 2.5600000000e3
 2.5600000000e3 2.5600000000e3 2.5600000000e3 2.5600000000e3 2.5600000000e3 2.5600000000e3
 2.5600000000e3 2.5600000000e3 2.5600000000e3 2.5600000000e3 2.5600000000e3 2.5600000000e3
 2.5600000000e3 2.5600000000e3 2.5600000000e3 2.5600000000e3 2.5600000000e3 2.5600000000e3
 2.5600000000e3 2.5600000000e3 2.5600000000e3 2.5600000000e3 /
PORO
 3.0000000000e-1 3.0000000000e-1 3.0000000000e-1 3.0000000000e-1 3.0000000000e-1 3.0000000000e-1
 3.0000000000e-1 3.0000000000e-1 3.0000000000e-1 3.0000000000e-1 3.0000000000e-1 3.0000000000e-1
 3.0000000000e-1 3.0000000000e-1 3.0000000000e-1 3.0000000000e-1 3.0000000000e-1 3.0000000000e-1
 3.0000000000e-1 3.0000000000e-1 3.0000000000e-1 3.0000000000e-1 3.0000000000e-1 3.0000000000e-1
 3.0000000000e-1 3.0000000000e-1 3.0000000000e-1 3.0000000000e-1 3.0000000000e-1 3.0000000000e-1
 3.0000000000e-1 3.0000000000e-1 3.0000000000e-1 3.0000000000e-1 3.0000000000e-1 3.0000000000e-1
 3.0000000000e-1 3.0000000000e-1 3.0000000000e-1 3.0000000000e-1 3.0000000000e-1 3.0000000000e-1
 3.0000000000e-1 3.0000000000e-1 3.0000000000e-1 3.0000000000e-1 3.0000000000e-1 3.0000000000e-1
 3.0000000000e-1 3.0000000000e-1 3.0000000000e-1 3.0000000000e-1 3.0000000000e-1 3.0000000000e-1
 3.0000000000e-1 3.0000000000e-1 3.0000000000e-1 3.0000000000e-1 3.0000000000e-1 3.0000000000e-1
 3.0000000000e-1 3.0000000000e-1 3.0000000000e-1 3.0000000000e-1 3.0000000000e-1 3.0000000000e-1
 3.0000000000e-1 3.0000000000e-1 3.0000000000e-1 3.0000000000e-1 3.0000000000e-1 3.0000000000e-1
 3.0000000000e-1 3.0000000000e-1 3.0000000000e-1 3.0000000000e-1 3.0000000000e-1 3.0000000000e-1
 3.0000000000e-1 3.0000000000e-1 3.0000000000e-1 3.0000000000e-1 3.0000000000e-1 3.0000000000e-1
 3.0000000000e-1 3.0000000000e-1 3.0000000000e-1 3.0000000000e-1 3.0000000000e-1 3.0000000000e-1
 3.0000000000e-1 3.0000000000e-1 3.0000000000e-1 3.0000000000e-1 3.0000000000e-1 3.0000000000e-1
 3.0000000000e-1 3.0000000000e-1 3.0000000000e-1 3.0000000000e-1 3.0000000000e-1 3.0000000000e-1
 3.0000000000e-1 3.0000000000e-1 3.0000000000e-1 3.0000000000e-1 3.0000000000e-1 3.0000000000e-1
 3.0000000000e-1 3.0000000000e-1 3.0000000000e-1 3.0000000000e-1 3.0000000000e-1 3.0000000000e-1
 3.0000000000e-1 3.0000000000e-1 3.0000000000e-1 3.0000000000e-1 3.0000000000e-1 3.0000000000e-1
 3.0000000000e-1 3.0000000000e-1 3.0000000000e-1 3.0000000000e-1 3.0000000000e-1 3.0000000000e-1
 3.0000000000e-1 3.0000000000e-1 3.0000000000e-1 3.0000000000e-1 3.0000000000e-1 3.0000000000e-1
 3.0000000000e-1 3.0000000000e-1 3.0000000000e-1 3.0000000000e-1 3.0000000000e-1 3.0000000000e-1
 3.0000000000e-1 3.0000000000e-1 3.0000000000e-1 3.0000000000e-1 3.0000000000e-1 3.0000000000e-1
 3.0000000000e-1 3.0000000000e-1 3.0000000000e-1 3.0000000000e-1 3.0000000000e-1 3.0000000000e-1
 3.0000000000e-1 3.0000000000e-1 3.0000000000e-1 3.0000000000e-1 3.0000000000e-1 3.0000000000e-1
 3.0000000000e-1 3.0000000000e-1 3.0000000000e-1 3.0000000000e-1 3.0000000000e-1 3.0000000000e-1
 3.0000000000e-1 3.0000000000e-1 3.0000000000e-1 3.0000000000e-1 3.0000000000e-1 3.0000000000e-1
 3.0000000000e-1 3.0000000000e-1 3.0000000000e-1 3.0000000000e-1 3.0000000000e-1 3.0000000000e-1
 3.0000000000e-1 3.0000000000e-1 3.0000000000e-1 3.0000000000e-1 3.0000000000e-1 3.0000000000e-1
 3.0000000000e-1 3.0000000000e-1 3.0000000000e-1 3.0000000000e-1 3.0000000000e-1 3.0000000000e-1
 3.0000000000e-1 3.0000000000e-1 3.0000000000e-1 3.0000000000e-1 3.0000000000e-1 3.0000000000e-1
 3.0000000000e-1 3.0000000000e-1 3.0000000000e-1 3.0000000000e-1 3.0000000000e-1 3.0000000000e-1
 3.0000000000e-1 3.0000000000e-1 3.0000000000e-1 3.0000000000e-1 3.0000000000e-1 3.0000000000e-1
 3.0000000000e-1 3.0000000000e-1 3.0000000000e-1 3.0000000000e-1 3.0000000000e-1 3.0000000000e-1
 3.0000000000e-1 3.0000000000e-1 3.0000000000e-1 3.0000000000e-1 3.0000000000e-1 3.0000000000e-1
 3.0000000000e-1 3.0000000000e-1 3.0000000000e-1 3.0000000000e-1 3.0000000000e-1 3.0000000000e-1
 3.0000000000e-1 3.0000000000e-1 3.0000000000e-1 3.0000000000e-1 3.0000000000e-1 3.0000000000e-1
 3.0000000000e-1 3.0000000000e-1 3.0000000000e-1 3.0000000000e-1 3.0000000000e-1 3.0000000000e-1
 3.0000000000e-1 3.0000000000e-1 3.0000000000e-1 3.0000000000e-1 3.0000000000e-1 3.0000000000e-1
 3.0000000000e-1 3.0000000000e-1 3.0000000000e-1 3.0000000000e-1 3.0000000000e-1 3.0000000000e-1
 3.0000000000e-1 3.0000000000e-1 3.0000000000e-1 3.0000000000e-1 3.0000000000e-1 3.0000000000e-1
 3.0000000000e-1 3.0000000000e-1 3.0000000000e-1 3.0000000000e-1 3.0000000000e-1 3.0000000000e-1
 3.0000000000e-1 3.0000000000e-1 3.0000000000e-1 3.0000000000e-1 3.0000000000e-1 3.0000000000e-1
 3.0000000000e-1 3.0000000000e-1 3.0000000000e-1 3.0000000000e-1 3.0000000000e-1 3.0000000000e-1
 3.0000000000e-1 3.0000000000e-1 3.0000000000e-1 3.0000000000e-1 3.0000000000e-1 3.0000000000e-1
 3.0000000000e-1 3.0000000000e-1 3.0000000000e-1 3.0000000000e-1 3.0000000000e-1 3.0000000000e-1
 3.0000000000e-1 3.0000000000e-1 3.0000000000e-1 3.0000000000e-1 3.0000000000e-1 3.0000000000e-1
 3.0000000000e-1 3.0000000000e-1 3.0000000000e-1 3.0000000000e-1 3.0000000000e-1 3.0000000000e-1
 3.0000000000e-1 3.0000000000e-1 3.0000000000e-1 3.0000000000e-1 3.0000000000e-1 3.0000000000e-1
 /
PERMX
 5.0000000000e2 5.0000000000e2 5.0000000000e2 5.0000000000e2 5.0000000000e2 5.0000000000e2
 5.0000000000e2 5.0000000000e2 5.0000000000e2 5.0000000000e2 5.0000000000e2 5.0000000000e2
 5.0000000000e2 5.0000000000e2 5.0000000000e2 5.0000000000e2 5.0000000000e2 5.0000000000e2
 5.0000000000e2 5.0000000000e2 5.0000000000e2 5.0000000000e2 5.0000000000e2 5.0000000000e2
 5.0000000000e2 5.0000000000e2 5.0000000000e2 5.0000000000e2 5.0000000000e2 5.0000000000e2
 5.0000000000e2 5.0000000000e2 5.0000000000e2 5.0000000000e2 5.0000000000e2 5.0000000000e2
 5.0000000000e2 5.0000000000e2 5.0000000000e2 5.0000000000e2 5.0000000000e2 5.0000000000e2
 5.0000000000e2 5.0000000000e2 5.0000000000e2 5.0000000000e2 5.0000000000e2 5.0000000000e2
 5.0000000000e2 5.0000000000e2 5.0000000000e2 5.0000000000e2 5.0000000000e2 5.0000000000e2
 5.0000000000e2 5.0000000000e2 5.0000000000e2 5.0000000000e2 5.0000000000e2 5.0000000000e2
 5.0000000000e2 5.0000000000e2 5.0000000000e2 5.0000000000e2 5.0000000000e2 5.0000000000e2
 5.0000000000e2 5.0000000000e2 5.0000000000e2 5.0000000000e2 5.0000000000e2 5.0000000000e2
 5.0000000000e2 5.0000000000e2 5.0000000000e2 5.0000000000e2 5.0000000000e2 5.0000000000e2
 5.0000000000e2 5.0000000000e2 5.0000000000e2 5.0000000000e2 5.0000000000e2 5.0000000000e2
 5.0000000000e2 5.0000000000e2 5.0000000000e2 5.0000000000e2 5.0000000000e2 5.0000000000e2
 5.0000000000e2 5.0000000000e2 5.0000000000e2 5.0000000000e2 5.0000000000e2 5.0000000000e2
 5.0000000000e2 5.0000000000e2 5.0000000000e2 5.0000000000e2 5.0000000000e1 5.0000000000e1
 5.0000000000e1 5.0000000000e1 5.0000000000e1 5.0000000000e1 5.0000000000e1 5.0000000000e1
 5.0000000000e1 5.0000000000e1 5.0000000000e1 5.0000000000e1 5.0000000000e1 5.0000000000e1
 5.0000000000e1 5.0000000000e1 5.0000000000e1 5.0000000000e1 5.0000000000e1 5.0000000000e1
 5.0000000000e1 5.0000000000e1 5.0000000000e1 5.0000000000e1 5.0000000000e1 5.0000000000e1
 5.0000000000e1 5.0000000000e1 5.0000000000e1 5.0000000000e1 5.0000000000e1 5.0000000000e1
 5.0000000000e1 5.0000000000e1 5.0000000000e1 5.0000000000e1 5.0000000000e1 5.0000000000e1
 5.0000000000e1 5.0000000000e1 5.0000000000e1 5.0000000000e1 5.0000000000e1 5.0000000000e1
 5.0000000000e1 5.0000000000e1 5.0000000000e1 5.0000000000e1 5.0000000000e1 5.0000000000e1
 5.0000000000e1 5.0000000000e1 5.0000000000e1 5.0000000000e1 5.0000000000e1 5.0000000000e1
 5.0000000000e1 5.0000000000e1 5.0000000000e1 5.0000000000e1 5.0000000000e1 5.0000000000e1
 5.0000000000e1 5.0000000000e1 5.0000000000e1 5.0000000000e1 5.0000000000e1 5.0000000000e1
 5.0000000000e1 5.0000000000e1 5.0000000000e1 5.0000000000e1 5.0000000000e1 5.0000000000e1
 5.0000000000e1 5.0000000000e1 5.0000000000e1 5.0000000000e1 5.0000000000e1 5.0000000000e1
 5.0000000000e1 5.0000000000e1 5.0000000000e1 5.0000000000e1 5.0000000000e1 5.0000000000e1
 5.0000000000e1 5.0000000000e1 5.0000000000e1 5.0000000000e1 5.0000000000e1 5.0000000000e1
 5.0000000000e1 5.0000000000e1 5.0000000000e1 5.0000000000e1 5.0000000000e1 5.0000000000e1
 5.0000000000e1 5.0000000000e1 2.0000000000e2 2.0000000000e2 2.0000000000e2 2.0000000000e2
 2.0000000000e2 2.0000000000e2 2.0000000000e2 2.0000000000e2 2.0000000000e2 2.0000000000e2
 2.0000000000e2 2.0000000000e2 2.0000000000e2 2.0000000000e2 2.0000000000e2 2.0000000000e2
 2.0000000000e2 2.0000000000e2 2.0000000000e2 2.0000000000e2 2.0000000000e2 2.0000000000e2
 2.0000000000e2 2.0000000000e2 2.0000000000e2 2.0000000000e2 2.0000000000e2 2.0000000000e2
 2.0000000000e2 2.0000000000e2 2.0000000000e2 2.0000000000e2 2.0000000000e2 2.0000000000e2
 2.0000000000e2 2.0000000000e2 2.0000000000e2 2.0000000000e2 2.0000000000e2 2.0000000000e2
 2.0000000000e2 2.0000000000e2 2.0000000000e2 2.0000000000e2 2.0000000000e2 2.0000000000e2
 2.0000000000e2 2.0000000000e2 2.0000000000e2 2.0000000000e2 2.0000000000e2 2.0000000000e2
 2.0000000000e2 2.0000000000e2 2.0000000000e2 2.0000000000e2 2.0000000000e2 2.0000000000e2
 2.0000000000e2 2.0000000000e2 2.0000000000e2 2.0000000000e2 2.0000000000e2 2.0000000000e2
 2.0000000000e2 2.0000000000e2 2.0000000000e2 2.0000000000e2 2.0000000000e2 2.0000000000e2
 2.0000000000e2 2.0000000000e2 2.0000000000e2 2.0000000000e2 2.0000000000e2 2.0000000000e2
 2.0000000000e2 2.0000000000e2 2.0000000000e2 2.0000000000e2 2.0000000000e2 2.0000000000e2
 2.0000000000e2 2.0000000000e2 2.0000000000e2 2.0000000000e2 2.0000000000e2 2.0000000000e2
 2.0000000000e2 2.0000000000e2 2.0000000000e2 2.0000000000e2 2.0000000000e2 2.0000000000e2
 2.0000000000e2 2.0000000000e2 2.0000000000e2 2.0000000000e2 2.0000000000e2 2.0000000000e2
 /
PERMY
 5.0000000000e2 5.0000000000e2 5.0000000000e2 5.0000000000e2 5.0000000000e2 5.0000000000e2
 5.0000000000e2 5.0000000000e2 5.0000000000e2 5.0000000000e2 5.0000000000e2 5.0000000000e2
 5.0000000000e2 5.0000000000e2 5.0000000000e2 5.0000000000e2 5.0000000000e2 5.0000000000e2
 5.0000000000e2 5.0000000000e2 5.0000000000e2 5.0000000000e2 5.0000000000e2 5.0000000000e2
 5.0000000000e2 5.0000000000e2 5.0000000000e2 5.0000000000e2 5.0000000000e2 5.0000000000e2
 5.0000000000e2 5.0000000000e2 5.0000000000e2 5.0000000000e2 5.0000000000e2 5.0000000000e2
 5.0000000000e2 5.0000000000e2 5.0000000000e2 5.0000000000e2 5.0000000000e2 5.0000000000e2
 5.0000000000e2 5.0000000000e2 5.0000000000e2 5.0000000000e2 5.0000000000e2 5.0000000000e2
 5.0000000000e2 5.0000000000e2 5.0000000000e2 5.0000000000e2 5.0000000000e2 5.0000000000e2
 5.0000000000e2 5.0000000000e2 5.0000000000e2 5.0000000000e2 5.0000000000e2 5.0000000000e2
 5.0000000000e2 5.0000000000e2 5.0000000000e2 5.0000000000e2 5.0000000000e2 5.0000000000e2
 5.0000000000e2 5.0000000000e2 5.0000000000e2 5.0000000000e2 5.0000000000e2 5.0000000000e2
 5.0000000000e2 5.0000000000e2 5.0000000000e2 5.0000000000e2 5.0000000000e2 5.0000000000e2
 5.0000000000e2 5.0000000000e2 5.0000000000e2 5.0000000000e2 5.0000000000e2 5.0000000000e2
 5.0000000000e2 5.0000000000e2 5.0000000000e2 5.0000000000e2 5.0000000000e2 5.0000000000e2
 5.0000000000e2 5.0000000000e2 5.0000000000e2 5.0000000000e2 5.0000000000e2 5.0000000000e2
 5.0000000000e2 5.0000000000e2 5.0000000000e2 5.0000000000e2 5.0000000000e1 5.0000000000e1
 5.0000000000e1 5.0000000000e1 5.0000000000e1 5.0000000000e1 5.0000000000e1 5.0000000000e1
 5.0000000000e1 5.0000000000e1 5.0000000000e1 5.0000000000e1 5.0000000000e1 5.0000000000e1
 5.0000000000e1 5.0000000000e1 5.0000000000e1 5.0000000000e1 5.0000000000e1 5.0000000000e1
 5.0000000000e1 5.0000000000e1 5.0000000000e1 5.0000000000e1 5.0000000000e1 5.0000000000e1
 5.0000000000e1 5.0000000000e1 5.0000000000e1 5.0000000000e1 5.0000000000e1 5.0000000000e1
 5.0000000000e1 5.0000000000e1 5.0000000000e1 5.0000000000e1 5.0000000000e1 5.0000000000e1
 5.0000000000e1 5.0000000000e1 5.0000000000e1 5.0000000000e1 5.0000000000e1 5.0000000000e1
 5.0000000000e1 5.0000000000e1 5.0000000000e1 5.0000000000e1 5.0000000000e1 5.0000000000e1
 5.0000000000e1 5.0000000000e1 5.0000000000e1 5.0000000000e1 5.0000000000e1 5.0000000000e1
 5.0000000000e1 5.0000000000e1 5.0000000000e1 5.0000000000e1 5.0000000000e1 5.0000000000e1
 5.0000000000e1 5.0000000000e1 5.0000000000e1 5.0000000000e1 5.0000000000e1 5.0000000000e1
 5.0000000000e1 5.0000000000e1 5.0000000000e1 5.0000000000e1 5.0000000000e1 5.0000000000e1
 5.0000000000e1 5.0000000000e1 5.0000000000e1 5.0000000000e1 5.0000000000e1 5.0000000000e1
 5.0000000000e1 5.0000000000e1 5.0000000000e1 5.0000000000e1 5.0000000000e1 5.0000000000e1
 5.0000000000e1 5.0000000000e1 5.0000000000e1 5.0000000000e1 5.0000000000e1 5.0000000000e1
 5.0000000000e1 5.0000000000e1 5.0000000000e1 5.0000000000e1 5.0000000000e1 5.0000000000e1
 5.0000000000e1 5.0000000000e1 2.0000000000e2 2.0000000000e2 2.0000000000e2 2.0000000000e2
 2.0000000000e2 2.0000000000e2 2.0000000000e2 2.0000000000e2 2.0000000000e2 2.0000000000e2
 2.0000000000e2 2.0000000000e2 2.0000000000e2 2.0000000000e2 2.0000000000e2 2.0000000000e2
 2.0000000000e2 2.0000000000e2 2.0000000000e2 2.0000000000e2 2.0000000000e2 2.0000000000e2
 2.0000000000e2 2.0000000000e2 2.0000000000e2 2.0000000000e2 2.0000000000e2 2.0000000000e2
 2.0000000000e2 2.0000000000e2 2.0000000000e2 2.0000000000e2 2.0000000000e2 2.0000000000e2
 2.0000000000e2 2.0000000000e2 2.0000000000e2 2.0000000000e2 2.0000000000e2 2.0000000000e2
 2.0000000000e2 2.0000000000e2 2.0000000000e2 2.0000000000e2 2.0000000000e2 2.0000000000e2
 2.0000000000e2 2.0000000000e2 2.0000000000e2 2.0000000000e2 2.0000000000e2 2.0000000000e2
 2.0000000000e2 2.0000000000e2 2.0000000000e2 2.0000000000e2 2.0000000000e2 2.0000000000e2
 2.0000000000e2 2.0000000000e2 2.0000000000e2 2.0000000000e2 2.0000000000e2 2.0000000000e2
 2.0000000000e2 2.0000000000e2 2.0000000000e2 2.0000000000e2 2.0000000000e2 2.0000000000e2
 2.0000000000e2 2.0000000000e2 2.0000000000e2 2.0000000000e2 2.0000000000e2 2.0000000000e2
 2.0000000000e2 2.0000000000e2 2.0000000000e2 2.0000000000e2 2.0000000000e2 2.0000000000e2
 2.0000000000e2 2.0000000000e2 2.0000000000e2 2.0000000000e2 2.0000000000e2 2.0000000000e2
 2.0000000000e2 2.0000000000e2 2.0000000000e2 2.0000000000e2 2.0000000000e2 2.0000000000e2
 2.0000000000e2 2.0000000000e2 2.0000000000e2 2.0000000000e2 2.0000000000e2 2.0000000000e2
 /
PERMZ
 5.0000000000e2 5.0000000000e2 5.0000000000e2 5.0000000000e2 5.0000000000e2 5.0000000000e2
 5.0000000000e2 5.0000000000e2 5.0000000000e2 5.0000000000e2 5.0000000000e2 5.0000000000e2
 5.0000000000e2 5.0000000000e2 5.0000000000e2 5.0000000000e2 5.0000000000e2 5.0000000000e2
 5.0000000000e2 5.0000000000e2 5.0000000000e2 5.0000000000e2 5.0000000000e2 5.0000000000e2
 5.0000000000e2 5.0000000000e2 5.0000000000e2 5.0000000000e2 5.0000000000e2 5.0000000000e2
 5.0000000000e2 5.0000000000e2 5.0000000000e2 5.0000000000e2 5.0000000000e2 5.0000000000e2
 5.0000000000e2 5.0000000000e2 5.0000000000e2 5.0000000000e2 5.0000000000e2 5.0000000000e2
 5.0000000000e2 5.0000000000e2 5.0000000000e2 5.0000000000e2 5.0000000000e2 5.0000000000e2
 5.0000000000e2 5.0000000000e2 5.0000000000e2 5.0000000000e2 5.0000000000e2 5.0000000000e2
 5.0000000000e2 5.0000000000e2 5.0000000000e2 5.0000000000e2 5.0000000000e2 5.0000000000e2
 5.0000000000e2 5.0000000000e2 5.0000000000e2 5.0000000000e2 5.0000000000e2 5.0000000000e2
 5.0000000000e2 5.0000000000e2 5.0000000000e2 5.0000000000e2 5.0000000000e2 5.0000000000e2
 5.0000000000e2 5.0000000000e2 5.0000000000e2 5.0000000000e2 5.0000000000e2 5.0000000000e2
 5.0000000000e2 5.0000000000e2 5.0000000000e2 5.0000000000e2 5.0000000000e2 5.0000000000e2
 5.0000000000e2 5.0000000000e2 5.0000000000e2 5.0000000000e2 5.0000000000e2 5.0000000000e2
 5.0000000000e2 5.0000000000e2 5.0000000000e2 5.0000000000e2 5.0000000000e2 5.0000000000e2
 5.0000000000e2 5.0000000000e2 5.0000000000e2 5.0000000000e2 5.0000000000e1 5.0000000000e1
 5.0000000000e1 5.0000000000e1 5.0000000000e1 5.0000000000e1 5.0000000000e1 5.0000000000e1
 5.0000000000e1 5.0000000000e1 5.0000000000e1 5.0000000000e1 5.0000000000e1 5.0000000000e1
 5.0000000000e1 5.0000000000e1 5.0000000000e1 5.0000000000e1 5.0000000000e1 5.0000000000e1
 5.0000000000e1 5.0000000000e1 5.0000000000e1 5.0000000000e1 5.0000000000e1 5.0000000000e1
 5.0000000000e1 5.0000000000e1 5.0000000000e1 5.0000000000e1 5.0000000000e1 5.0000000000e1
 5.0000000000e1 5.0000000000e1 5.0000000000e1 5.0000000000e1 5.0000000000e1 5.0000000000e1
 5.0000000000e1 5.0000000000e1 5.0000000000e1 5.0000000000e1 5.0000000000e1 5.0000000000e1
 5.0000000000e1 5.0000000000e1 5.0000000000e1 5.0000000000e1 5.0000000000e1 5.0000000000e1
 5.0000000000e1 5.0000000000e1 5.0000000000e1 5.0000000000e1 5.0000000000e1 5.0000000000e1
 5.0000000000e1 5.0000000000e1 5.0000000000e1 5.0000000000e1 5.0000000000e1 5.0000000000e1
 5.0000000000e1 5.0000000000e1 5.0000000000e1 5.0000000000e1 5.0000000000e1 5.0000000000e1
 5.0000000000e1 5.0000000000e1 5.0000000000e1 5.0000000000e1 5.0000000000e1 5.0000000000e1
 5.0000000000e1 5.0000000000e1 5.0000000000e1 5.0000000000e1 5.0000000000e1 5.0000000000e1
 5.0000000000e1 5.0000000000e1 5.0000000000e1 5.0000000000e1 5.0000000000e1 5.0000000000e1
 5.0000000000e1 5.0000000000e1 5.0000000000e1 5.0000000000e1 5.0000000000e1 5.0000000000e1
 5.0000000000e1 5.0000000000e1 5.0000000000e1 5.0000000000e1 5.0000000000e1 5.0000000000e1
 5.0000000000e1 5.0000000000e1 2.0000000000e2 2.0000000000e2 2.0000000000e2 2.0000000000e2
 2.0000000000e2 2.0000000000e2 2.0000000000e2 2.0000000000e2 2.0000000000e2 2.0000000000e2
 2.0000000000e2 2.0000000000e2 2.0000000000e2 2.0000000000e2 2.0000000000e2 2.0000000000e2
 2.0000000000e2 2.0000000000e2 2.0000000000e2 2.0000000000e2 2.0000000000e2 2.0000000000e2
 2.0000000000e2 2.0000000000e2 2.0000000000e2 2.0000000000e2 2.0000000000e2 2.0000000000e2
 2.0000000000e2 2.0000000000e2 2.0000000000e2 2.0000000000e2 2.0000000000e2 2.0000000000e2
 2.0000000000e2 2.0000000000e2 2.0000000000e2 2.0000000000e2 2.0000000000e2 2.0000000000e2
 2.0000000000e2 2.0000000000e2 2.0000000000e2 2.0000000000e2 2.0000000000e2 2.0000000000e2
 2.0000000000e2 2.0000000000e2 2.0000000000e2 2.0000000000e2 2.0000000000e2 2.0000000000e2
 2.0000000000e2 2.0000000000e2 2.0000000000e2 2.0000000000e2 2.0000000000e2 2.0000000000e2
 2.0000000000e2 2.0000000000e2 2.0000000000e2 2.0000000000e2 2.0000000000e2 2.0000000000e2
 2.0000000000e2 2.0000000000e2 2.0000000000e2 2.0000000000e2 2.0000000000e2 2.0000000000e2
 2.0000000000e2 2.0000000000e2 2.0000000000e2 2.0000000000e2 2.0000000000e2 2.0000000000e2
 2.0000000000e2 2.0000000000e2 2.0000000000e2 2.0000000000e2 2.0000000000e2 2.0000000000e2
 2.0000000000e2 2.0000000000e2 2.0000000000e2 2.0000000000e2 2.0000000000e2 2.0000000000e2
 2.0000000000e2 2.0000000000e2 2.0000000000e2 2.0000000000e2 2.0000000000e2 2.0000000000e2
 2.0000000000e2 2.0000000000e2 2.0000000000e2 2.0000000000e2 2.0000000000e2 2.0000000000e2
 /
PROPS
PVTW
  331 1.038 4.67e-5 0.318 0 /
ROCK
  331 4.35e-5 /
DENSITY
  860 1033 0.854 /
STONE2
SWOF
  0.12000000 0.0000000000e0 1.0000000000e0 0
  0.12977778 7.5757575758e-9 1.0000000000e0 0
  0.13955556 1.5151515152e-8 1.0000000000e0 0
  0.14933333 2.2727272727e-8 1.0000000000e0 0
  0.15911111 3.0303030303e-8 1.0000000000e0 0
  0.16888889 3.7878787879e-8 1.0000000000e0 0
  0.17866667 4.5454545455e-8 1.0000000000e0 0
  0.18844444 6.6122681359e-8 9.9957777778e-1 0
  0.19822222 8.8858034894e-8 9.9908888889e-1 0
  0.20800000 1.1159338843e-7 9.9860000000e-1 0
  0.21777778 1.3432874197e-7 9.9811111111e-1 0
  0.22755556 1.5706409550e-7 9.9762222222e-1 0
  0.23733333 1.7979944904e-7 9.9713333333e-1 0
  0.24711111 2.1354233242e-7 9.9498518519e-1 0
  0.25688889 2.5141303949e-7 9.9221481481e-1 0
  0.26666667 2.8928374656e-7 9.8944444444e-1 0
  0.27644444 3.2715445363e-7 9.8667407407e-1 0
  0.28622222 3.6502516070e-7 9.8390370370e-1 0
  0.29600000 4.0289586777e-7 9.8113333333e-1 0
  0.30577778 4.4972451791e-7 9.5303703704e-1 0
  0.31555556 5.0275482094e-7 9.0740740741e-1 0
  0.32533333 5.5578512397e-7 8.6177777778e-1 0
  0.33511111 6.0881542700e-7 8.1614814815e-1 0
  0.34488889 6.6184573003e-7 7.7051851852e-1 0
  0.35466667 7.1487603306e-7 7.2488888889e-1 0
  0.36444444 7.7479338843e-7 6.7407407407e-1 0
  0.37422222 8.4297520661e-7 6.1703703704e-1 0
  0.38400000 9.1115702479e-7 5.6000000000e-1 0
  0.39377778 9.7933884298e-7 5.0296296296e-1 0
  0.40355556 1.0475206612e-6 4.4592592593e-1 0
  0.41333333 1.1157024793e-6 3.8888888889e-1 0
  0.42311111 1.1887052342e-6 3.4222222222e-1 0
  0.43288889 1.2720385675e-6 3.1777777778e-1 0
  0.44266667 1.3553719008e-6 2.9333333333e-1 0
  0.45244444 1.4387052342e-6 2.6888888889e-1 0
  0.46222222 1.5220385675e-6 2.4444444444e-1 0
  0.47200000 1.6053719008e-6 2.2000000000e-1 0
  0.48177778 1.6914600551e-6 1.9674074074e-1 0
  0.49155556 1.7899449036e-6 1.7881481481e-1 0
  0.50133333 1.8884297521e-6 1.6088888889e-1 0
  0.51111111 1.9869146006e-6 1.4296296296e-1 0
  0.52088889 2.0853994490e-6 1.2503703704e-1 0
  0.53066667 2.1838842975e-6 1.0711111111e-1 0
  0.54044444 2.2830578512e-6 8.9488888889e-2 0
  0.55022222 2.3966942149e-6 7.8244444444e-2 0
  0.56000000 2.5103305785e-6 6.7000000000e-2 0
  0.56977778 2.6239669421e-6 5.5755555556e-2 0
  0.57955556 2.7376033058e-6 4.4511111111e-2 0
  0.58933333 2.8512396694e-6 3.3266666667e-2 0
  0.59911111 2.9648760331e-6 2.2022222222e-2 0
  0.60888889 3.0922865014e-6 1.9370370370e-2 0
  0.61866667 3.2210743802e-6 1.7577777778e-2 0
  0.62844444 3.3498622590e-6 1.5785185185e-2 0
  0.63822222 3.4786501377e-6 1.3992592593e-2 0
  0.64800000 3.6074380165e-6 1.2200000000e-2 0
  0.65777778 3.7362258953e-6 1.0407407407e-2 0
  0.66755556 3.8767217631e-6 8.8666666667e-3 0
  0.67733333 4.0206611570e-6 7.4000000000e-3 0
  0.68711111 4.1646005510e-6 5.9333333333e-3 0
  0.69688889 4.3085399449e-6 4.4666666667e-3 0
  0.70666667 4.4524793388e-6 3.0000000000e-3 0
  0.71644444 4.5964187328e-6 1.5333333333e-3 0
  0.72622222 4.7500000000e-6 9.0666666667e-4 0
  0.73600000 4.9090909091e-6 7.6000000000e-4 0
  0.74577778 5.0681818182e-6 6.1333333333e-4 0
  0.75555556 5.2272727273e-6 4.6666666667e-4 0
  0.76533333 5.3863636364e-6 3.2000000000e-4 0
  0.77511111 5.5454545455e-6 1.7333333333e-4 0
  0.78488889 5.7121212121e-6 9.1851851852e-5 0
  0.79466667 5.8863636364e-6 7.5555555556e-5 0
  0.80444444 6.0606060606e-6 5.9259259259e-5 0
  0.81422222 6.2348484848e-6 4.2962962963e-5 0
  0.82400000 6.4090909091e-6 2.6666666667e-5 0
  0.83377778 6.5833333333e-6 1.0370370370e-5 0
  0.84355556 6.7635445363e-6 0.0000000000e0 0
  0.85333333 6.9542011019e-6 0.0000000000e0 0
  0.86311111 7.1448576676e-6 0.0000000000e0 0
  0.87288889 7.3355142332e-6 0.0000000000e0 0
  0.88000000 7.4741735537e-6 0.0000000000e0 0
  0.88266667 7.5261707989e-6 0.0000000000e0 0
  0.89244444 7.7168273646e-6 0.0000000000e0 0
  0.90222222 7.9074839302e-6 0.0000000000e0 0
  0.91200000 8.1022727273e-6 0.0000000000e0 0
  0.92177778 8.3131313131e-6 0.0000000000e0 0
  0.93155556 8.5239898990e-6 0.0000000000e0 0
  0.94133333 8.7348484848e-6 0.0000000000e0 0
  0.95111111 8.9457070707e-6 0.0000000000e0 0
  0.96088889 9.1565656566e-6 0.0000000000e0 0
  0.97066667 9.3674242424e-6 0.0000000000e0 0
  0.98044444 9.5782828283e-6 0.0000000000e0 0
  0.99022222 9.7891414141e-6 0.0000000000e0 0
  1.00000000 1.0000000000e-5 0.0000000000e0 0
/
SGOF
  0.00000000 0.0000000000e0 1.0000000000e0 0
  0.00977778 0.0000000000e0 9.9861403509e-1 0
  0.01955556 0.0000000000e0 9.9707017544e-1 0
  0.02933333 1.5555555556e-3 9.9171111111e-1 0
  0.03911111 3.1851851852e-3 9.8617037037e-1 0
  0.04000000 3.3333333333e-3 9.8566666667e-1 0
  0.04888889 4.8148148148e-3 9.8062962963e-1 0
  0.05866667 7.4761904762e-3 9.4533333333e-1 0
  0.06844444 1.0269841270e-2 9.0622222222e-1 0
  0.07822222 1.3063492063e-2 8.6711111111e-1 0
  0.08800000 1.5857142857e-2 8.2800000000e-1 0
  0.09777778 1.8650793651e-2 7.8888888889e-1 0
  0.10755556 2.1444444444e-2 7.4977777778e-1 0
  0.11733333 2.4238095238e-2 7.1066666667e-1 0
  0.12711111 2.9444444444e-2 6.6888888889e-1 0
  0.13688889 3.5555555556e-2 6.2611111111e-1 0
  0.14666667 4.1666666667e-2 5.8333333333e-1 0
  0.15644444 4.7777777778e-2 5.4055555556e-1 0
  0.16622222 5.3888888889e-2 4.9777777778e-1 0
  0.17600000 6.0000000000e-2 4.5500000000e-1 0
  0.18577778 6.6111111111e-2 4.1222222222e-1 0
  0.19555556 7.2222222222e-2 3.6944444444e-1 0
  0.20533333 8.0333333333e-2 3.3400000000e-1 0
  0.21511111 9.0111111111e-2 3.0466666667e-1 0
  0.22488889 9.9888888889e-2 2.7533333333e-1 0
  0.23466667 1.0966666667e-1 2.4600000000e-1 0
  0.24444444 1.1944444444e-1 2.1666666667e-1 0
  0.25422222 1.3048888889e-1 1.9071111111e-1 0
  0.26400000 1.4320000000e-1 1.6920000000e-1 0
  0.27377778 1.5591111111e-1 1.4768888889e-1 0
  0.28355556 1.6862222222e-1 1.2617777778e-1 0
  0.29333333 1.8133333333e-1 1.0466666667e-1 0
  0.30311111 1.9684444444e-1 8.7853333333e-2 0
  0.31288889 2.1835555556e-1 8.1106666667e-2 0
  0.32266667 2.3986666667e-1 7.4360000000e-2 0
  0.33244444 2.6137777778e-1 6.7613333333e-2 0
  0.34222222 2.8288888889e-1 6.0866666667e-2 0
  0.35200000 3.0440000000e-1 5.4120000000e-2 0
  0.36177778 3.2591111111e-1 4.7373333333e-2 0
  0.37155556 3.4742222222e-1 4.0626666667e-2 0
  0.38133333 3.6893333333e-1 3.3880000000e-2 0
  0.39111111 3.9044444444e-1 2.7133333333e-2 0
  0.40088889 4.1337777778e-1 2.0804444444e-2 0
  0.41066667 4.5053333333e-1 1.8653333333e-2 0
  0.42044444 4.8768888889e-1 1.6502222222e-2 0
  0.43022222 5.2484444444e-1 1.4351111111e-2 0
  0.44000000 5.6200000000e-1 1.2200000000e-2 0
  0.44977778 5.9915555556e-1 1.0048888889e-2 0
  0.45955556 6.2293333333e-1 8.2800000000e-3 0
  0.46933333 6.4640000000e-1 6.5200000000e-3 0
  0.47911111 6.6986666667e-1 4.7600000000e-3 0
  0.48888889 6.9333333333e-1 3.0000000000e-3 0
  0.49866667 7.1680000000e-1 1.2400000000e-3 0
  0.50844444 7.3266666667e-1 9.2400000000e-4 0
  0.51822222 7.4733333333e-1 8.3600000000e-4 0
  0.52800000 7.6200000000e-1 7.4800000000e-4 0
  0.53777778 7.7666666667e-1 6.6000000000e-4 0
  0.54755556 7.9133333333e-1 5.7200000000e-4 0
  0.55733333 8.0600000000e-1 4.8400000000e-4 0
  0.56711111 8.2066666667e-1 3.9600000000e-4 0
  0.57688889 8.3533333333e-1 3.0800000000e-4 0
  0.58666667 8.5000000000e-1 2.2000000000e-4 0
  0.59644444 8.6466666667e-1 1.3200000000e-4 0
  0.60622222 8.7435555556e-1 9.3777777778e-5 0
  0.61600000 8.8120000000e-1 8.4000000000e-5 0
  0.62577778 8.8804444444e-1 7.4222222222e-5 0
  0.63555556 8.9488888889e-1 6.4444444444e-5 0
  0.64533333 9.0173333333e-1 5.4666666667e-5 0
  0.65511111 9.0857777778e-1 4.4888888889e-5 0
  0.66488889 9.1542222222e-1 3.5111111111e-5 0
  0.67466667 9.2226666667e-1 2.5333333333e-5 0
  0.68444444 9.2911111111e-1 1.5555555556e-5 0
  0.69422222 9.3595555556e-1 5.7777777778e-6 0
  0.70000000 9.4000000000e-1 0.0000000000e0 0
  0.70400000 9.4106666667e-1 0.0000000000e0 0
  0.71377778 9.4367407407e-1 0.0000000000e0 0
  0.72355556 9.4628148148e-1 0.0000000000e0 0
  0.73333333 9.4888888889e-1 0.0000000000e0 0
  0.74311111 9.5149629630e-1 0.0000000000e0 0
  0.75288889 9.5410370370e-1 0.0000000000e0 0
  0.76266667 9.5671111111e-1 0.0000000000e0 0
  0.77244444 9.5931851852e-1 0.0000000000e0 0
  0.78222222 9.6192592593e-1 0.0000000000e0 0
  0.79200000 9.6453333333e-1 0.0000000000e0 0
  0.80177778 9.6714074074e-1 0.0000000000e0 0
  0.81155556 9.6974814815e-1 0.0000000000e0 0
  0.82133333 9.7235555556e-1 0.0000000000e0 0
  0.83111111 9.7496296296e-1 0.0000000000e0 0
  0.84088889 9.7757037037e-1 0.0000000000e0 0
  0.85066667 9.8008888889e-1 0.0000000000e0 0
  0.86044444 9.8139259259e-1 0.0000000000e0 0
  0.87022222 9.8269629630e-1 0.0000000000e0 0
  0.88000000 9.8400000000e-1 0.0000000000e0 0
/
PVTO
  0.18000000 1.0100 1.0620000000e0 1.0400000000e0
           11.0100 1.0598145318e0 1.0421446082e0
           26.0100 1.0565447593e0 1.0453698154e0
           51.0100 1.0511175409e0 1.0507673567e0
           101.0100 1.0403465958e0 1.0616461903e0
           621.0000 9.3466788390e-1 1.1816817706e0
  /
  2.48960893 3.5080 1.0739069802e0 1.0307026094e0
           13.5080 1.0716970088e0 1.0328280453e0
           28.5080 1.0683905762e0 1.0360244198e0
           53.5080 1.0629025086e0 1.0413737081e0
           103.5080 1.0520108013e0 1.0521552872e0
           621.0000 9.4563371696e-1 1.1705152925e0
  /
  4.79921786 6.0059 1.0860839863e0 1.0213647466e0
           16.0059 1.0838489561e0 1.0234709266e0
           31.0059 1.0805050319e0 1.0266383429e0
           56.0059 1.0749547352e0 1.0319391682e0
           106.0059 1.0639395272e0 1.0426230693e0
           621.0000 9.5684848591e-1 1.1593140520e0
  /
  7.10882679 8.5039 1.0985403091e0 1.0119861465e0
           18.5039 1.0962796454e0 1.0140729867e0
           33.5039 1.0928973696e0 1.0172113184e0
           58.5039 1.0872834164e0 1.0224634694e0
           108.5039 1.0761418747e0 1.0330492664e0
           621.0000 9.6832075603e-1 1.1480778113e0
  /
  9.41843572 11.0019 1.1112856707e0 1.0025665421e0
           21.0019 1.1089987785e0 1.0046339579e0
           36.0019 1.1055772612e0 1.0077430779e0
           61.0019 1.0998981745e0 1.0129463417e0
           111.0019 1.0886273676e0 1.0234336057e0
           621.0000 9.8005949012e-1 1.1368063300e0
  /
  11.72804466 13.4999 1.1243302494e0 9.9310566386e-1
           23.4999 1.1220165130e0 9.9515357015e-1
           38.4999 1.1185548331e0 9.9823335049e-1
           63.4999 1.1128090837e0 1.0033875128e0
           113.4999 1.1014059769e0 1.0137758121e0
           621.0000 9.9207407178e-1 1.1254993659e0
  /
  14.03765359 15.9978 1.1376847073e0 9.8360323991e-1
           25.9978 1.1353434891e0 9.8563155103e-1
           40.9978 1.1318406923e0 9.8868186282e-1
           65.9978 1.1260266966e0 9.9378670811e-1
           115.9978 1.1144881472e0 1.0040756081e0
           621.0000 1.0043743305e0 1.1141566746e0
  /
  16.12000000 18.2500 1.1500000000e0 9.7500000000e-1
           28.2500 1.1476334384e0 9.7701057018e-1
           43.2500 1.1440927243e0 9.8003420194e-1
           68.2500 1.1382157928e0 9.8509439690e-1
           118.2500 1.1265523401e0 9.9529330339e-1
           621.0000 1.0157176859e0 1.1038992582e0
  /
  16.34726252 18.4958 1.1507748139e0 9.7405424710e-1
           28.4958 1.1484066579e0 9.7606286702e-1
           43.4958 1.1448635582e0 9.7908356585e-1
           68.4958 1.1389826672e0 9.8413885240e-1
           118.4958 1.1273113561e0 9.9432786592e-1
           621.0000 1.0164534930e0 1.1027726332e0
  /
  18.65687145 20.9938 1.1587086731e0 9.6447456929e-1
           30.9938 1.1563241901e0 9.6646343473e-1
           45.9938 1.1527566630e0 9.6945442545e-1
           70.9938 1.1468352270e0 9.7445999402e-1
           120.9938 1.1350834497e0 9.8454880011e-1
           621.0000 1.0239880825e0 1.0913652878e0
  /
  20.96648038 23.4917 1.1667526895e0 9.5495235557e-1
           33.4917 1.1643516528e0 9.5692158503e-1
           48.4917 1.1607593592e0 9.5988304583e-1
           73.4917 1.1547968152e0 9.6483919464e-1
           123.4917 1.1429634544e0 9.7482839442e-1
           621.0000 1.0316275587e0 1.0800343785e0
  /
  23.27608931 25.9897 1.1749091734e0 9.4548709042e-1
           35.9897 1.1724913517e0 9.4743680134e-1
           50.9897 1.1688739452e0 9.5036890883e-1
           75.9897 1.1628697185e0 9.5527593345e-1
           125.9897 1.1509536336e0 9.6516612260e-1
           621.0000 1.0393741214e0 1.0687792133e0
  /
  25.58569824 28.4877 1.1831805001e0 9.3607826448e-1
           38.4877 1.1807456570e0 9.3800857324e-1
           53.4877 1.1771027841e0 9.4091150245e-1
           78.4877 1.1710562878e0 9.4576969580e-1
           128.4877 1.1590563140e0 9.5556146471e-1
           621.0000 1.0472300324e0 1.0575991089e0
  /
  27.89530717 30.9857 1.1915691123e0 9.2672537446e-1
           40.9857 1.1891170065e0 9.2863639641e-1
           55.9857 1.1854483060e0 9.3151032080e-1
           80.9857 1.1793589408e0 9.3631997318e-1
           130.9857 1.1672738886e0 9.4601390696e-1
           621.0000 1.0551976176e0 1.0464933898e0
  /
  30.20491610 33.4836 1.2000775225e0 9.1742792303e-1
           43.4836 1.1976079073e0 9.1931977249e-1
           58.4836 1.1939130105e0 9.2216486399e-1
           83.4836 1.1877801641e0 9.2692626311e-1
           133.4836 1.1756088184e0 9.3652294168e-1
           621.0000 1.0632792695e0 1.0354613886e0
  /
  32.06000000 35.4900 1.2070000000e0 9.1000000000e-1
           45.4900 1.2045161393e0 9.1187653216e-1
           60.4900 1.2007999289e0 9.1469858848e-1
           85.4900 1.1946317061e0 9.1942143711e-1
           135.4900 1.1823901517e0 9.2894041650e-1
           621.0000 1.0698547399e0 1.0266533942e0
  /
  32.54517652 35.9816 1.2081708648e0 9.0883447727e-1
           45.9816 1.2056845945e0 9.1070860598e-1
           60.9816 1.2019647792e0 9.1352704782e-1
           85.9816 1.1957905728e0 9.1824384745e-1
           135.9816 1.1835371434e0 9.2775063499e-1
           621.0000 1.0710010183e0 1.0252346334e0
  /
  35.01053695 38.4796 1.2141557317e0 9.0292324593e-1
           48.4796 1.2116571453e0 9.0478518496e-1
           63.4796 1.2079189033e0 9.0758529512e-1
           88.4796 1.2017141120e0 9.1227141579e-1
           138.4796 1.1893999832e0 9.2171636939e-1
           621.0000 1.0768603830e0 1.0180423123e0
  /
  37.47589738 40.9775 1.2202001878e0 8.9703069702e-1
           50.9775 1.2176891626e0 8.9888048488e-1
           65.9775 1.2139323104e0 9.0166232130e-1
           90.9775 1.2076966297e0 9.0631785998e-1
           140.9775 1.1953211973e0 9.1570117505e-1
           621.0000 1.0827783738e0 1.0108781736e0
  /
  39.94125780 43.4755 1.2263051274e0 8.9115674210e-1
           53.4755 1.2237815391e0 8.9299441714e-1
           68.4755 1.2200058905e0 8.9575803749e-1
           93.4755 1.2137390112e0 9.0038309067e-1
           143.4755 1.2013016617e0 9.0970496173e-1
           621.0000 1.0887558709e0 1.0037420797e0
  /
  42.40661823 45.9735 1.2324714631e0 8.8530129331e-1
           55.9735 1.2299351851e0 8.8712689369e-1
           70.9735 1.2261405511e0 8.8987235535e-1
           95.9735 1.2198421596e0 8.9446701908e-1
           145.9735 1.2073422703e0 9.0372763971e-1
           621.0000 1.0947937720e0 9.9663389406e-1
  /
  44.87197866 48.4714 1.2387001256e0 8.7946426332e-1
           58.4714 1.2361510298e0 8.8127782703e-1
           73.4714 1.2323372185e0 8.8400518712e-1
           98.4714 1.2260069961e0 8.8856955700e-1
           148.4714 1.2134439349e0 8.9776911985e-1
           621.0000 1.1008929932e0 9.8955348076e-1
  /
  47.33733909 50.9694 1.2449920647e0 8.7364556537e-1
           60.9694 1.2424300208e0 8.7544713021e-1
           75.9694 1.2385968374e0 8.7815644558e-1
           100.9694 1.2322344609e0 8.8269061674e-1
           150.9694 1.2196075859e0 8.9182931359e-1
           621.0000 1.1070544690e0 9.8250070491e-1
  /
  49.80269951 53.4674 1.2513482495e0 8.6784511323e-1
           63.4674 1.2487731254e0 8.6963471682e-1
           78.4674 1.2449203720e0 8.7232604405e-1
           103.4674 1.2385255130e0 8.7683011120e-1
           153.4674 1.2258341728e0 8.8590813290e-1
           621.0000 1.1132791531e0 9.7547543242e-1
  /
  52.26805994 55.9654 1.2577696692e0 8.6206282121e-1
           65.9654 1.2551813306e0 8.6384050100e-1
           80.9654 1.2513088064e0 8.6651389642e-1
           105.9654 1.2448811315e0 8.7098795379e-1
           155.9654 1.2321246644e0 8.8000549031e-1
           621.0000 1.1195680187e0 9.6847753005e-1
  /
  54.73342037 58.4633 1.2642573331e0 8.5629860416e-1
           68.4633 1.2616556436e0 8.5806439743e-1
           83.4633 1.2577631447e0 8.6071991708e-1
           108.4633 1.2513023154e0 8.6516405850e-1
           158.4633 1.2384800496e0 8.7412129890e-1
           621.0000 1.1259220590e0 9.6150686538e-1
  /
  57.19878079 60.9613 1.2708122717e0 8.5055237747e-1
           70.9613 1.2681970929e0 8.5230632131e-1
           85.9613 1.2642844121e0 8.5494402099e-1
           110.9613 1.2577900847e0 8.5935833981e-1
           160.9613 1.2449013378e0 8.6825547228e-1
           621.0000 1.1323422881e0 9.5456330683e-1
  /
  59.66414122 63.4593 1.2774355368e0 8.4482405703e-1
           73.4593 1.2748067282e0 8.4656618837e-1
           88.4593 1.2708736551e0 8.4918612361e-1
           113.4593 1.2643454803e0 8.5357071277e-1
           163.4593 1.2513895593e0 8.6240792463e-1
           621.0000 1.1388297409e0 9.4764672365e-1
  /
  62.12950165 65.9572 1.2841282023e0 8.3911355930e-1
           75.9572 1.2814856210e0 8.4084391488e-1
           90.9572 1.2775319420e0 8.4344614095e-1
           115.9572 1.2709695651e0 8.4780109295e-1
           165.9572 1.2579457663e0 8.5657857062e-1
           621.0000 1.1453854742e0 9.4075698589e-1
  /
  64.59486207 68.4552 1.2908913648e0 8.3342080120e-1
           78.4552 1.2882348658e0 8.3513941762e-1
           93.4552 1.2842603638e0 8.3772398953e-1
           118.4552 1.2776634246e0 8.4204939643e-1
           168.4552 1.2645710329e0 8.5076732548e-1
           621.0000 1.1520105671e0 9.3389396443e-1
  /
  66.08000000 69.9600 1.2950000000e0 8.3000000000e-1
           79.9600 1.2923350458e0 8.3171156230e-1
           94.9600 1.2883478939e0 8.3428552576e-1
           119.9600 1.2817299580e0 8.3859317890e-1
           169.9600 1.2685958960e0 8.4727532494e-1
           621.0000 1.1560354723e0 9.2977250765e-1
  /
  66.76003517 70.9532 1.2968224433e0 8.2790658040e-1
           80.9532 1.2941537388e0 8.2961382582e-1
           95.9532 1.2901609757e0 8.3218129724e-1
           120.9532 1.2835337265e0 8.3647808565e-1
           170.9532 1.2703811810e0 8.4513833365e-1
           621.0000 1.1578992302e0 9.2723771331e-1
  /
  68.47039356 73.4512 1.3014288304e0 8.2266205650e-1
           83.4512 1.2987506465e0 8.2435848706e-1
           98.4512 1.2947437009e0 8.2690969437e-1
           123.4512 1.2880929113e0 8.3117926400e-1
           173.4512 1.2748936472e0 8.3978465209e-1
           621.0000 1.1626102585e0 9.2088996302e-1
  /
  70.18075196 75.9491 1.3060680584e0 8.1744687339e-1
           85.9491 1.3033803276e0 8.1913254960e-1
           100.9491 1.2993590983e0 8.2166758378e-1
           125.9491 1.2926846006e0 8.2591008691e-1
           175.9491 1.2794382848e0 8.3446092201e-1
           621.0000 1.1673551829e0 9.1458132578e-1
  /
  71.89111036 78.4471 1.3107404799e0 8.1226078552e-1
           88.4471 1.3080431338e0 8.1393576738e-1
           103.4471 1.3040075187e0 8.1645471868e-1
           128.4471 1.2973091431e0 8.2067030630e-1
           178.4471 1.2840154390e0 8.2916689276e-1
           621.0000 1.1721343671e0 9.0831147156e-1
  /
  73.60146876 80.9451 1.3154464523e0 8.0710355010e-1
           90.9451 1.3127394218e0 8.0876789710e-1
           105.9451 1.3086893177e0 8.1127085498e-1
           130.9451 1.3019668928e0 8.1545967685e-1
           180.9451 1.2886254601e0 8.2390231647e-1
           621.0000 1.1769481803e0 9.0208007402e-1
  /
  75.31182716 83.4430 1.3201863383e0 8.0197492702e-1
           93.4430 1.3174695537e0 8.0362869817e-1
           108.4430 1.3134048560e0 8.0611575136e-1
           133.4430 1.3066582085e0 8.1027795596e-1
           183.4430 1.2932687033e0 8.1866694805e-1
           621.0000 1.1817969971e0 8.9588681043e-1
  /
  77.02218556 85.9410 1.3249605059e0 7.9687467882e-1
           95.9410 1.3222338966e0 7.9851793263e-1
           110.9410 1.3181544998e0 8.0098916913e-1
           135.9410 1.3113834545e0 8.0512490373e-1
           185.9410 1.2979455291e0 8.1346054510e-1
           621.0000 1.1866811974e0 8.8973136164e-1
  /
  78.73254396 88.4390 1.3297693283e0 7.9180257067e-1
           98.4390 1.3270328230e0 7.9343536516e-1
           113.4390 1.3229386204e0 7.9589087225e-1
           138.4390 1.3161430003e0 8.0000028289e-1
           188.4390 1.3026563031e0 8.0828286789e-1
           621.0000 1.1916011665e0 8.8361341202e-1
  /
  80.44290236 90.9370 1.3346131842e0 7.8675837032e-1
           100.9370 1.3318667108e0 7.8838076305e-1
           115.9370 1.3277575946e0 7.9082062726e-1
           140.9370 1.3209372205e0 7.9490385878e-1
           190.9370 1.3074013963e0 8.0313367935e-1
           621.0000 1.1965572956e0 8.7753264941e-1
  /
  82.15326075 93.4349 1.3394924578e0 7.8174184807e-1
           103.4349 1.3367359435e0 7.8335389611e-1
           118.4349 1.3326118045e0 7.8577820328e-1
           143.4349 1.3257664955e0 7.8983539934e-1
           193.4349 1.3121811851e0 7.9801274499e-1
           621.0000 1.2015499813e0 8.7148876509e-1
  /
  83.86361915 95.9329 1.3444075390e0 7.7675277673e-1
           105.9329 1.3416409101e0 7.7835453670e-1
           120.9329 1.3375016382e0 7.8076337195e-1
           145.9329 1.3306312113e0 7.8479467501e-1
           195.9329 1.3169960514e0 7.9291983289e-1
           621.0000 1.2065796263e0 8.6548145371e-1
  /
  85.57397755 98.4309 1.3493588236e0 7.7179093161e-1
           108.4309 1.3465820055e0 7.7338245964e-1
           123.4309 1.3424274891e0 7.7577590741e-1
           148.4309 1.3355317593e0 7.7978145877e-1
           198.4309 1.3218463829e0 7.8785471369e-1
           621.0000 1.2116466391e0 8.5951041326e-1
  /
  87.28433595 100.9288 1.3543467128e0 7.6685609043e-1
           110.9288 1.3515596303e0 7.6843744221e-1
           125.9288 1.3473897568e0 7.7081558624e-1
           150.9288 1.3404685370e0 7.7479552606e-1
           200.9288 1.3267325727e0 7.8281716048e-1
           621.0000 1.2167514342e0 8.5357534502e-1
  /
  88.99469435 103.4268 1.3593716142e0 7.6194803335e-1
           113.4268 1.3565741910e0 7.6351926411e-1
           128.4268 1.3523888465e0 7.6588218747e-1
           153.4268 1.3454419475e0 7.6983665475e-1
           203.4268 1.3316550200e0 7.7780694885e-1
           621.0000 1.2218944324e0 8.4767595351e-1
  /
  90.70505275 105.9248 1.3644339413e0 7.5706654290e-1
           115.9248 1.3616261004e0 7.5862770743e-1
           130.9248 1.3574251696e0 7.6097549251e-1
           155.9248 1.3504524002e0 7.6490462512e-1
           205.9248 1.3366141300e0 7.7282385679e-1
           621.0000 1.2270760605e0 8.4181194646e-1
  /
  92.41541115 108.4228 1.3695341137e0 7.5221140397e-1
           118.4228 1.3667157773e0 7.5376255660e-1
           133.4228 1.3624991436e0 7.5609528511e-1
           158.4228 1.3555003105e0 7.5999921983e-1
           208.4228 1.3416103136e0 7.6786766472e-1
           621.0000 1.2322967520e0 8.3598303473e-1
  /
  94.12576955 110.9207 1.3746725575e0 7.4738240374e-1
           120.9207 1.3718436468e0 7.4892359838e-1
           135.9207 1.3676111924e0 7.5124135138e-1
           160.9207 1.3605860999e0 7.5512022387e-1
           210.9207 1.3466439882e0 7.6293815540e-1
           621.0000 1.2375569468e0 8.3018893234e-1
  /
  95.83612794 113.4187 1.3798497050e0 7.4257933171e-1
           123.4187 1.3770101403e0 7.4411062182e-1
           138.4187 1.3727617462e0 7.4641347972e-1
           163.4187 1.3657101965e0 7.5026742453e-1
           213.4187 1.3517155775e0 7.5803511393e-1
           621.0000 1.2428570913e0 8.2442935633e-1
  /
  97.54648634 115.9167 1.3850659952e0 7.3780197960e-1
           125.9167 1.3822156960e0 7.3932341822e-1
           140.9167 1.3779512415e0 7.4161146079e-1
           165.9167 1.3708730346e0 7.4544061141e-1
           215.9167 1.3568255113e0 7.5315832772e-1
           621.0000 1.2481976387e0 8.1870402683e-1
  /
  99.25684474 118.4146 1.3903218736e0 7.3305014137e-1
           128.4146 1.3874607585e0 7.3456178112e-1
           143.4146 1.3831801217e0 7.3683508747e-1
           168.4146 1.3760750554e0 7.4063957632e-1
           218.4146 1.3619742262e0 7.4830758642e-1
           621.0000 1.2535790492e0 8.1301266691e-1
  /
  100.96720314 120.9126 1.3956177927e0 7.2832361319e-1
           130.9126 1.3927457793e0 7.2982550625e-1
           145.9126 1.3884488370e0 7.3208415488e-1
           170.9126 1.3813167065e0 7.3586411332e-1
           220.9126 1.3671621654e0 7.4348268196e-1
           621.0000 1.2590017900e0 8.0735500262e-1
  /
  102.67756154 123.4106 1.4009542118e0 7.2362219337e-1
           133.4106 1.3980712166e0 7.2511439153e-1
           148.4106 1.3937578442e0 7.2735846030e-1
           173.4106 1.3865984426e0 7.3111401863e-1
           223.4106 1.3723897788e0 7.3868340846e-1
           621.0000 1.2644663352e0 8.0173076291e-1
  /
  104.38791994 125.9086 1.4063315972e0 7.1894568238e-1
           135.9086 1.4034375361e0 7.2042823699e-1
           150.9086 1.3991076073e0 7.2265780315e-1
           175.9086 1.3919207252e0 7.2638909065e-1
           225.9086 1.3776575233e0 7.3390956223e-1
           621.0000 1.2699731664e0 7.9613967961e-1
  /
  106.09827834 128.4065 1.4117504226e0 7.1429388277e-1
           138.4065 1.4088452101e0 7.1576684479e-1
           153.4065 1.4044985974e0 7.1798198497e-1
           178.4065 1.3972840231e0 7.2168912990e-1
           228.4065 1.3829658627e0 7.2916094171e-1
           621.0000 1.2755227727e0 7.9058148739e-1
  /
  107.80863674 130.9045 1.4172111686e0 7.0966659919e-1
           140.9045 1.4142947186e0 7.1113001919e-1
           155.9045 1.4099312929e0 7.1333080942e-1
           180.9045 1.4026888121e0 7.1701393901e-1
           230.9045 1.3883152682e0 7.2443734751e-1
           621.0000 1.2811156505e0 7.8505592371e-1
  /
  109.51899513 133.4025 1.4227143238e0 7.0506363836e-1
           143.4025 1.4197865490e0 7.0651756649e-1
           158.4025 1.4154061797e0 7.0870408219e-1
           183.4025 1.4081355757e0 7.1236332267e-1
           233.4025 1.3937062181e0 7.1973858228e-1
           621.0000 1.2867523042e0 7.7956272880e-1
  /
  111.22935353 135.9004 1.4282603841e0 7.0048480899e-1
           145.9004 1.4253211961e0 7.0192929501e-1
           160.9004 1.4209237512e0 7.0410161103e-1
           185.9004 1.4136248048e0 7.0773708764e-1
           235.9004 1.3991391982e0 7.1506445079e-1
           621.0000 1.2924332457e0 7.7410164559e-1
  /
  112.93971193 138.3984 1.4338498532e0 6.9592992182e-1
           148.3984 1.4308991627e0 6.9736501510e-1
           163.3984 1.4264845085e0 6.9952320568e-1
           188.3984 1.4191569978e0 7.0313504269e-1
           238.3984 1.4046147021e0 7.1041475981e-1
           621.0000 1.2981589954e0 7.6867241975e-1
  /
  113.29000000 138.9100 1.4350000000e0 6.9500000000e-1
           148.9100 1.4320469427e0 6.9643317566e-1
           163.9100 1.4276287473e0 6.9858848241e-1
           188.9100 1.4202953589e0 7.0219549318e-1
           238.9100 1.4057413983e0 7.0946548293e-1
           621.0000 1.2993372272e0 7.6756440064e-1
  /
  114.71567341 140.8964 1.4385923629e0 6.9177915337e-1
           150.8964 1.4356319129e0 6.9320568725e-1
           165.8964 1.4312026570e0 6.9535100563e-1
           190.8964 1.4238509104e0 6.9894130038e-1
           240.8964 1.4092605155e0 7.0617759874e-1
           621.0000 1.3031230940e0 7.6369470500e-1
  /
  116.50853105 143.3943 1.4431355559e0 6.8774831153e-1
           153.3943 1.4401657566e0 6.8916653332e-1
           168.3943 1.4357225127e0 6.9129935141e-1
           193.3943 1.4283475486e0 6.9486872632e-1
           243.3943 1.4137110761e0 7.0206286039e-1
           621.0000 1.3079113184e0 7.5885423415e-1
  /
  118.30138869 145.8923 1.4477075353e0 6.8373907415e-1
           155.8923 1.4447283274e0 6.8514902839e-1
           170.8923 1.4402710070e0 6.8726941320e-1
           195.8923 1.4328726784e0 6.9081798040e-1
           245.8923 1.4181898362e0 6.9797017617e-1
           621.0000 1.3127302293e0 7.5404236740e-1
  /
  120.09424633 148.3903 1.4523085757e0 6.7975126799e-1
           158.3903 1.4493198994e0 6.8115299889e-1
           173.3903 1.4448484129e0 6.8326101687e-1
           198.3903 1.4374265713e0 6.8678888757e-1
           248.3903 1.4226970648e0 6.9389936923e-1
           621.0000 1.3175801194e0 7.4925887341e-1
  /
  121.88710397 150.8883 1.4569389550e0 6.7578472168e-1
           160.8883 1.4539407499e0 6.7717827307e-1
           175.8883 1.4494550071e0 6.7927399015e-1
           200.8883 1.4420095024e0 6.8278127470e-1
           250.8883 1.4272330340e0 6.8985026464e-1
           621.0000 1.3224612851e0 7.4450352328e-1
  /
  123.67996161 153.3862 1.4615989547e0 6.7183926565e-1
           163.3862 1.4585911599e0 6.7322468103e-1
           178.3862 1.4540910694e0 6.7530816261e-1
           203.3862 1.4466217504e0 6.7879497047e-1
           253.3862 1.4317980197e0 6.8582268929e-1
           621.0000 1.3273740269e0 7.3977609059e-1
  /
  125.47281925 155.8842 1.4662888599e0 6.6791473215e-1
           165.8842 1.4632714139e0 6.6929205465e-1
           180.8842 1.4587568837e0 6.7136336563e-1
           205.8842 1.4512635976e0 6.7482980538e-1
           255.8842 1.4363923012e0 6.8181647194e-1
           621.0000 1.3323186488e0 7.3507635128e-1
  /
  127.26567690 158.3822 1.4710089595e0 6.6401095518e-1
           168.3822 1.4679818000e0 6.6538022762e-1
           183.3822 1.4634527373e0 6.6743943235e-1
           208.3822 1.4559353296e0 6.7088561172e-1
           258.3822 1.4410161613e0 6.7783144315e-1
           621.0000 1.3372954589e0 7.3040408368e-1
  /
  129.05853454 160.8801 1.4757595459e0 6.6012777052e-1
           170.8801 1.4727226104e0 6.6148903535e-1
           185.8801 1.4681789211e0 6.6353619770e-1
           210.8801 1.4606372362e0 6.6696222357e-1
           260.8801 1.4456698868e0 6.7386743526e-1
           621.0000 1.3423047692e0 7.2575906846e-1
  /
  130.85139218 163.3781 1.4805409156e0 6.5626501565e-1
           173.3781 1.4774941406e0 6.5761831500e-1
           188.3781 1.4729357300e0 6.5965349833e-1
           213.3781 1.4653696105e0 6.6305947672e-1
           263.3781 1.4503537679e0 6.6992428239e-1
           621.0000 1.3473468958e0 7.2114108860e-1
  /
  132.64424982 165.8761 1.4853533687e0 6.5242252978e-1
           175.8761 1.4822966902e0 6.5376790545e-1
           190.8761 1.4777234627e0 6.5579117262e-1
           215.8761 1.4701327497e0 6.5917720871e-1
           265.8761 1.4550680985e0 6.6600182038e-1
           621.0000 1.3524221589e0 7.1654992936e-1
  /
  134.43710746 168.3741 1.4901972092e0 6.4860015378e-1
           178.3741 1.4871305627e0 6.4993764724e-1
           193.3741 1.4825424216e0 6.5194906060e-1
           218.3741 1.4749269548e0 6.5531525879e-1
           268.3741 1.4598131767e0 6.6209988681e-1
           621.0000 1.3575308828e0 7.1198537824e-1
  /
  136.22996510 170.8720 1.4950727453e0 6.4479773020e-1
           180.8720 1.4919960655e0 6.4612738260e-1
           195.8720 1.4873929132e0 6.4812700403e-1
           220.8720 1.4797525306e0 6.5147346785e-1
           270.8720 1.4645893042e0 6.5821832093e-1
           621.0000 1.3626733962e0 7.0744722497e-1
  /
  138.02282274 173.3700 1.4999802891e0 6.4101510322e-1
           183.3700 1.4968935102e0 6.4233695537e-1
           198.3700 1.4922752482e0 6.4432484628e-1
           223.3700 1.4846097861e0 6.4765167847e-1
           273.3700 1.4693967868e0 6.5435696370e-1
           621.0000 1.3678500320e0 7.0293526146e-1
  /
  138.03000000 173.3800 1.5000000000e0 6.4100000000e-1
           183.3800 1.4969131805e0 6.4232182101e-1
           198.3800 1.4922948578e0 6.4430966507e-1
           223.3800 1.4846292950e0 6.4763641889e-1
           273.3800 1.4694160958e0 6.5434154613e-1
           621.0000 1.3678708244e0 7.0291725130e-1
  /
  140.02283086 175.8680 1.5045102248e0 6.3749993273e-1
           185.8680 1.5014141238e0 6.3881453617e-1
           200.8680 1.4967819147e0 6.4079152596e-1
           225.8680 1.4890933030e0 6.4410011463e-1
           275.8680 1.4738343604e0 6.5076862970e-1
           621.0000 1.3726871131e0 6.9872089419e-1
  /
  142.02367158 178.3659 1.5090659470e0 6.3400314867e-1
           188.3659 1.5059604709e0 6.3531054131e-1
           203.3659 1.5013142351e0 6.3727668701e-1
           228.3659 1.4936023420e0 6.4056712756e-1
           278.3659 1.4782971947e0 6.4719906482e-1
           621.0000 1.3775523505e0 6.9453081879e-1
  /
  144.02451230 180.8639 1.5136493428e0 6.3052362203e-1
           190.8639 1.5105344346e0 6.3182383945e-1
           205.8639 1.5058740871e0 6.3377919458e-1
           230.8639 1.4981387711e0 6.3705157659e-1
           280.8639 1.4827871384e0 6.4364711655e-1
           621.0000 1.3824475076e0 6.9036376489e-1
  /
  146.02535303 183.3619 1.5182606652e0 6.2706122537e-1
           193.3619 1.5151362674e0 6.2835430291e-1
           208.3619 1.5104617222e0 6.3029892059e-1
           233.3619 1.5027028406e0 6.3355333295e-1
           283.3619 1.4873044393e0 6.4011265480e-1
           621.0000 1.3873728579e0 6.8621956072e-1
  /
  148.02619375 185.8599 1.5229001701e0 6.2361583252e-1
           195.8599 1.5197662248e0 6.2490180523e-1
           210.8599 1.5150773952e0 6.2683573819e-1
           235.8599 1.5072948040e0 6.3007226916e-1
           285.8599 1.4918493481e0 6.3659555076e-1
           621.0000 1.3923286786e0 6.8209803621e-1
  /
  150.02703447 188.3578 1.5275681168e0 6.2018731851e-1
           198.3578 1.5244245655e0 6.2146622120e-1
           213.3578 1.5197213637e0 6.2338952179e-1
           238.3578 1.5119149176e0 6.2660825896e-1
           288.3578 1.4964221188e0 6.3309567688e-1
           621.0000 1.3973152499e0 6.7799902295e-1
  /
  152.02787519 190.8558 1.5322647676e0 6.1677555961e-1
           200.8558 1.5291115511e0 6.1804742684e-1
           215.8558 1.5243938889e0 6.1996014702e-1
           240.8558 1.5165634411e0 6.2316117735e-1
           290.8558 1.5010230083e0 6.2961290685e-1
           621.0000 1.4023328557e0 6.7392235418e-1
  /
  154.02871592 193.3538 1.5369903880e0 6.1338043331e-1
           203.3538 1.5338274467e0 6.1464529937e-1
           218.3538 1.5290952350e0 6.1654749072e-1
           243.3538 1.5212406374e0 6.1973090054e-1
           293.3538 1.5056522767e0 6.2614711560e-1
           621.0000 1.4073817834e0 6.6986786479e-1
  /
  156.02955664 195.8517 1.5417452469e0 6.1000181827e-1
           205.8517 1.5385725207e0 6.1125971721e-1
           220.8517 1.5338256693e0 6.1315143093e-1
           245.8517 1.5259467727e0 6.1631730593e-1
           295.8517 1.5103101876e0 6.2269817926e-1
           621.0000 1.4124623237e0 6.6583539123e-1
  /
  158.03039736 198.3497 1.5465296166e0 6.0663959434e-1
           208.3497 1.5433470447e0 6.0789055995e-1
           223.3497 1.5385854628e0 6.0977184688e-1
           248.3497 1.5306821162e0 6.1292027212e-1
           298.3497 1.5149970074e0 6.1926597520e-1
           621.0000 1.4175747713e0 6.6182477158e-1
  /
  160.03123809 200.8477 1.5513437725e0 6.0329364252e-1
           210.8477 1.5481512937e0 6.0453770837e-1
           225.8477 1.5433748896e0 6.0640861896e-1
           250.8477 1.5354469409e0 6.0953967890e-1
           300.8477 1.5197130063e0 6.1585038192e-1
           621.0000 1.4227194243e0 6.5783584547e-1
  /
  162.03207881 203.3457 1.5561879938e0 5.9996384497e-1
           213.3457 1.5529855462e0 6.0120104437e-1
           228.3457 1.5481942273e0 6.0306162872e-1
           253.3457 1.5402415228e0 6.0617540720e-1
           303.3457 1.5244584574e0 6.1245127915e-1
           621.0000 1.4278965845e0 6.5386845408e-1
  /
  164.03291953 205.8436 1.5610625630e0 5.9665008498e-1
           215.8436 1.5578500841e0 5.9788045100e-1
           230.8436 1.5530437569e0 5.9973075885e-1
           255.8436 1.5450661416e0 6.0282733911e-1
           305.8436 1.5292336377e0 6.0906854775e-1
           621.0000 1.4331065576e0 6.4992244012e-1
  /
  165.64000000 207.8500 1.5650000000e0 5.9400000000e-1
           217.8500 1.5617794183e0 5.9522490122e-1
           232.8500 1.5569609683e0 5.9706699072e-1
           257.8500 1.5489632311e0 6.0014981719e-1
           307.8500 1.5330907932e0 6.0636330484e-1
           621.0000 1.4373151929e0 6.4676836686e-1
  /
  166.07183848 208.3416 1.5658563692e0 5.9335621286e-1
           218.3416 1.5626340252e0 5.9457978650e-1
           233.3416 1.5578129385e0 5.9641987952e-1
           258.3416 1.5498108250e0 5.9949936477e-1
           308.3416 1.5339297017e0 6.0570611814e-1
           621.0000 1.4382473346e0 6.4600196558e-1
  /
  168.26616869 210.8396 1.5702224174e0 5.9009555172e-1
           220.8396 1.5669910886e0 5.9131240148e-1
           235.8396 1.5621565593e0 5.9314238267e-1
           260.8396 1.5541321337e0 5.9620494527e-1
           310.8396 1.5382067293e0 6.0237759076e-1
           621.0000 1.4429999236e0 6.4212149184e-1
  /
  170.46049890 213.3375 1.5746128811e0 5.8685259554e-1
           223.3375 1.5713725173e0 5.8806275793e-1
           238.3375 1.5665244703e0 5.8988268219e-1
           263.3375 1.5584776077e0 5.9292841403e-1
           313.3375 1.5425076747e0 5.9906713684e-1
           621.0000 1.4477794731e0 6.3826409577e-1
  /
  172.65482911 215.8355 1.5790279659e0 5.8362720052e-1
           225.8355 1.5757785163e0 5.8483071174e-1
           240.8355 1.5709168758e0 5.8664063353e-1
           265.8355 1.5628474505e0 5.8966962575e-1
           315.8355 1.5468327391e0 5.9577460959e-1
           621.0000 1.4525862099e0 6.3442958841e-1
  /
  174.84915932 218.3335 1.5834678793e0 5.8041922438e-1
           228.3335 1.5802092930e0 5.8161612036e-1
           243.3335 1.5753339825e0 5.8341609370e-1
           268.3335 1.5672418676e0 5.8642843671e-1
           318.3335 1.5511821260e0 5.9249986378e-1
           621.0000 1.4574203636e0 6.3061778283e-1
  /
  177.04348953 220.8314 1.5879328315e0 5.7722852641e-1
           230.8314 1.5846650568e0 5.7841884277e-1
           245.8314 1.5797759993e0 5.8020892125e-1
           270.8314 1.5716610667e0 5.8320470471e-1
           320.8314 1.5555560410e0 5.8924275575e-1
           621.0000 1.4622821663e0 6.2682849416e-1
  /
  179.23781974 223.3294 1.5924230347e0 5.7405496738e-1
           233.3294 1.5891460198e0 5.7523873948e-1
           248.3294 1.5842431374e0 5.7701897623e-1
           273.3294 1.5761052583e0 5.7999828911e-1
           323.3294 1.5599546923e0 5.8600314340e-1
           621.0000 1.4671718528e0 6.2306153946e-1
  /
  181.43214995 225.8274 1.5969387040e0 5.7089840958e-1
           235.8274 1.5936523963e0 5.7207567247e-1
           250.8274 1.5887356107e0 5.7384612023e-1
           275.8274 1.5805746548e0 5.7680905074e-1
           325.8274 1.5643782904e0 5.8278088612e-1
           621.0000 1.4720896605e0 6.1931673780e-1
  /
  183.62648016 228.3254 1.6014800564e0 5.6775871675e-1
           238.3254 1.5981844032e0 5.6892950520e-1
           253.3254 1.5932536353e0 5.7069021627e-1
           278.3254 1.5850694714e0 5.7363685196e-1
           328.3254 1.5688270479e0 5.7957584484e-1
           621.0000 1.4770358295e0 6.1559391015e-1
  /
  185.82081037 230.8233 1.6060473117e0 5.6463575409e-1
           240.8233 1.6027422596e0 5.6580010261e-1
           255.8233 1.5977974298e0 5.6755112887e-1
           280.8233 1.5895899255e0 5.7048155656e-1
           330.8233 1.5733011803e0 5.7638788195e-1
           621.0000 1.4820106026e0 6.1189287941e-1
  /
  188.01514058 233.3213 1.6106406923e0 5.6152938823e-1
           243.3213 1.6073261875e0 5.6268733104e-1
           258.3213 1.6023672152e0 5.6442872396e-1
           283.3213 1.5941362370e0 5.6734302979e-1
           333.3213 1.5778009051e0 5.7321686130e-1
           621.0000 1.4870142255e0 6.0821347036e-1
  /
  190.20947079 235.8193 1.6152604228e0 5.5843948723e-1
           245.8193 1.6119364112e0 5.5959105828e-1
           260.8193 1.6069632152e0 5.6132286892e-1
           285.8193 1.5987086285e0 5.6422113833e-1
           335.8193 1.5823264427e0 5.7006264819e-1
           621.0000 1.4920469467e0 6.0455550962e-1
  /
  192.40380099 238.3172 1.6199067307e0 5.5536592052e-1
           248.3172 1.6165731576e0 5.5651115350e-1
           263.3172 1.6115856562e0 5.5823343251e-1
           288.3172 1.6033073250e0 5.6111575029e-1
           338.3172 1.5868780158e0 5.6692510935e-1
           621.0000 1.4971090174e0 6.0091882568e-1
  /
  194.59813120 240.8152 1.6245798460e0 5.5230855891e-1
           250.8152 1.6212366561e0 5.5344748724e-1
           265.8152 1.6162347668e0 5.5516028488e-1
           290.8152 1.6079325543e0 5.5802673512e-1
           340.8152 1.5914558497e0 5.6380411292e-1
           621.0000 1.5022006918e0 5.9730324880e-1
  /
  196.79246141 243.3132 1.6292800013e0 5.4926727460e-1
           253.3132 1.6259271391e0 5.5039993142e-1
           268.3132 1.6209107785e0 5.5210329755e-1
           293.3132 1.6125845465e0 5.5495396370e-1
           343.3132 1.5960601723e0 5.6069952839e-1
           621.0000 1.5073222271e0 5.9370861105e-1
  /
  198.98679162 245.8112 1.6340074321e0 5.4624194109e-1
           255.8112 1.6306448414e0 5.4736835930e-1
           270.8112 1.6256139256e0 5.4906234339e-1
           295.8112 1.6172635346e0 5.5189730823e-1
           345.8112 1.6006912142e0 5.5761122667e-1
           621.0000 1.5124738835e0 5.9013474626e-1
  /
  201.18112183 248.3091 1.6387623764e0 5.4323243323e-1
           258.3091 1.6353900006e0 5.4435264546e-1
           273.3091 1.6303444449e0 5.4603729658e-1
           298.3091 1.6219697544e0 5.4885664224e-1
           348.3091 1.6053492086e0 5.5453907998e-1
           621.0000 1.5176559240e0 5.8658148999e-1
  /
  203.37545204 250.8071 1.6435450751e0 5.4023862716e-1
           260.8071 1.6401628572e0 5.4135266580e-1
           275.8071 1.6351025761e0 5.4302803264e-1
           300.8071 1.6267034442e0 5.4583184062e-1
           350.8071 1.6100343917e0 5.5148296189e-1
           621.0000 1.5228686150e0 5.8304867953e-1
  /
  205.56978225 253.3051 1.6483557721e0 5.3726040032e-1
           263.3051 1.6449636542e0 5.3836829749e-1
           278.3051 1.6398885616e0 5.4003442837e-1
           303.3051 1.6314648452e0 5.4282277952e-1
           353.3051 1.6147470020e0 5.4844274730e-1
           621.0000 1.5281122257e0 5.7953615385e-1
  /
  207.76411246 255.8030 1.6531947137e0 5.3429763142e-1
           265.8030 1.6497926379e0 5.3539941899e-1
           280.8030 1.6447026468e0 5.3705636185e-1
           305.8030 1.6362542016e0 5.3982933640e-1
           355.8030 1.6194872811e0 5.4541831238e-1
           621.0000 1.5333870288e0 5.7604375361e-1
  /
  209.95844267 258.3010 1.6580621495e0 5.3135020042e-1
           268.3010 1.6546500572e0 5.3244591002e-1
           283.3010 1.6495450798e0 5.3409371243e-1
           308.3010 1.6410717601e0 5.3685138997e-1
           358.3010 1.6242554735e0 5.4240953460e-1
           621.0000 1.5386932998e0 5.7257132110e-1
  /
  212.15277288 260.7990 1.6629583320e0 5.2841798852e-1
           270.7990 1.6595361639e0 5.2950765155e-1
           285.7990 1.6544161117e0 5.3114636069e-1
           310.7990 1.6459177708e0 5.3388882022e-1
           360.7990 1.6290518264e0 5.3941629268e-1
           621.0000 1.5440313179e0 5.6911870027e-1
  /
  214.34710309 263.2970 1.6678835166e0 5.2550087816e-1
           273.2970 1.6644512130e0 5.2658452574e-1
           288.2970 1.6593159968e0 5.2821418846e-1
           313.2970 1.6507924863e0 5.3094150835e-1
           363.2970 1.6338765901e0 5.3643846663e-1
           621.0000 1.5494013652e0 5.6568573663e-1
  /
  216.54143330 265.7949 1.6728379616e0 5.2259875297e-1
           275.7949 1.6693954624e0 5.2367641601e-1
           290.7949 1.6642449920e0 5.2529707877e-1
           315.7949 1.6556961624e0 5.2800933680e-1
           365.7949 1.6387300176e0 5.3347593763e-1
           621.0000 1.5548037275e0 5.6227227733e-1
  /
  218.73576351 268.2929 1.6778219287e0 5.1971149777e-1
           278.2929 1.6743691731e0 5.2078320694e-1
           293.2929 1.6692033576e0 5.2239491585e-1
           318.2929 1.6606290581e0 5.2509218919e-1
           368.2929 1.6436123652e0 5.3052858813e-1
           621.0000 1.5602386937e0 5.5887817105e-1
  /
  220.93009372 270.7909 1.6828356825e0 5.1683899857e-1
           280.7909 1.6793726092e0 5.1790478429e-1
           295.7909 1.6741913570e0 5.1950758513e-1
           320.7909 1.6655914353e0 5.2218995035e-1
           370.7909 1.6485238922e0 5.2759630176e-1
           621.0000 1.5657065564e0 5.5550326804e-1
  /
  223.12442393 273.2888 1.6878794908e0 5.1398114255e-1
           283.2888 1.6844060379e0 5.1504103501e-1
           298.2888 1.6792092564e0 5.1663497318e-1
           323.2888 1.6705835590e0 5.1930250629e-1
           373.2888 1.6534648610e0 5.2467896333e-1
           621.0000 1.5712076116e0 5.5214742007e-1
  /
  225.31875414 275.7868 1.6929536246e0 5.1113781800e-1
           285.7868 1.6894697298e0 5.1219184718e-1
           300.7868 1.6842573257e0 5.1377696774e-1
           325.7868 1.6756056975e0 5.1642974416e-1
           375.7868 1.6584355369e0 5.2177645884e-1
           621.0000 1.5767421588e0 5.4881048042e-1
  /
  226.20000000 276.7900 1.6950000000e0 5.1000000000e-1
           286.7900 1.6915118940e0 5.1105168286e-1
           301.7900 1.6862931893e0 5.1263327486e-1
           326.7900 1.6776311034e0 5.1528014607e-1
           376.7900 1.6604401882e0 5.2061495870e-1
           621.0000 1.5789743344e0 5.4747564995e-1
  /
  227.54365649 278.2848 1.6976594554e0 5.0860785221e-1
           288.2848 1.6941658766e0 5.0965666429e-1
           303.2848 1.6889389837e0 5.1123393902e-1
           328.2848 1.6802633070e0 5.1387358506e-1
           378.2848 1.6630454193e0 5.1919383524e-1
           621.0000 1.5819387894e0 5.4581310932e-1
  /
  229.78907662 280.7828 1.7021224172e0 5.0628862242e-1
           290.7828 1.6986196541e0 5.0733265197e-1
           305.7828 1.6933790203e0 5.0890273439e-1
           330.7828 1.6846805362e0 5.1153034376e-1
           380.7828 1.6674173845e0 5.1682633383e-1
           621.0000 1.5869139215e0 5.4304471221e-1
  /
  232.03449675 283.2807 1.7066089061e0 5.0397838793e-1
           293.2807 1.7030969103e0 5.0501765349e-1
           308.2807 1.6978424632e0 5.0658057150e-1
           333.2807 1.6891210514e0 5.0919619088e-1
           383.2807 1.6718123972e0 5.1446801494e-1
           621.0000 1.5919157020e0 5.4028866243e-1
  /
  234.27991688 285.7787 1.7111191086e0 5.0167709650e-1
           295.7787 1.7075978314e0 5.0271161651e-1
           310.7787 1.7023294979e0 5.0426739785e-1
           335.7787 1.6935850373e0 5.0687107366e-1
           385.7787 1.6762306400e0 5.1211882525e-1
           621.0000 1.5969443423e0 5.3754488708e-1
  /
  236.52533701 288.2767 1.7156532133e0 4.9938469631e-1
           298.2767 1.7121226055e0 5.0041448911e-1
           313.2767 1.7068403120e0 5.0196316135e-1
           338.2767 1.6980726804e0 5.0455493973e-1
           388.2767 1.6806722976e0 5.0977871185e-1
           621.0000 1.6020000564e0 5.3481331383e-1
  /
  238.77075714 290.7746 1.7202114107e0 4.9710113593e-1
           300.7746 1.7166714227e0 4.9812621974e-1
           315.7746 1.7113750950e0 4.9966781029e-1
           340.7746 1.7025841693e0 5.0224773712e-1
           390.7746 1.6851375567e0 5.0744762225e-1
           621.0000 1.6070830601e0 5.3209387090e-1
  /
  241.01617727 293.2726 1.7247938934e0 4.9482636431e-1
           303.2726 1.7212444751e0 4.9584675727e-1
           318.2726 1.7159340385e0 4.9738129338e-1
           343.2726 1.7071196946e0 4.9994941428e-1
           393.2726 1.6896266058e0 5.0512550435e-1
           621.0000 1.6121935718e0 5.2938648707e-1
  /
  243.26159740 295.7706 1.7294008558e0 4.9256033083e-1
           305.7706 1.7258419570e0 4.9357605095e-1
           320.7706 1.7205173361e0 4.9510355973e-1
           345.7706 1.7116794489e0 4.9765992004e-1
           395.7706 1.6941396357e0 5.0281230646e-1
           621.0000 1.6173318121e0 5.2669109166e-1
  /
  245.50701753 298.2686 1.7340324948e0 4.9030298523e-1
           308.2686 1.7304640646e0 4.9131405042e-1
           323.2686 1.7251251834e0 4.9283455881e-1
           348.2686 1.7162636268e0 4.9537920363e-1
           398.2686 1.6986768389e0 5.0050797727e-1
           621.0000 1.6224980040e0 5.2400761454e-1
  /
  247.75243766 300.7665 1.7386890090e0 4.8805427765e-1
           310.7665 1.7351109963e0 4.8906070572e-1
           325.7665 1.7297577783e0 4.9057424051e-1
           350.7665 1.7208724252e0 4.9310721466e-1
           400.7665 1.7032384103e0 4.9821246588e-1
           621.0000 1.6276923730e0 5.2133598611e-1
  /
  249.99785779 303.2645 1.7433705995e0 4.8581415859e-1
           313.2645 1.7397829526e0 4.8681596726e-1
           328.2645 1.7344153206e0 4.8832255508e-1
           353.2645 1.7255060428e0 4.9084390314e-1
           403.2645 1.7078245465e0 4.9592572178e-1
           621.0000 1.6329151468e0 5.1867613732e-1
  /
  252.24327792 305.7625 1.7480774694e0 4.8358257894e-1
           315.7625 1.7444801363e0 4.8457978582e-1
           330.7625 1.7390980124e0 4.8607945315e-1
           355.7625 1.7301646807e0 4.8858921944e-1
           405.7625 1.7124354468e0 4.9364769483e-1
           621.0000 1.6381665558e0 5.1602799963e-1
  /
  254.48869805 308.2604 1.7528098239e0 4.8135948998e-1
           318.2604 1.7492027522e0 4.8235211258e-1
           333.2604 1.7438060579e0 4.8384488575e-1
           358.2604 1.7348485421e0 4.8634311433e-1
           408.2604 1.7170713120e0 4.9137833528e-1
           621.0000 1.6434468327e0 5.1339150503e-1
  /
  256.73411818 310.7584 1.7575678706e0 4.7914484333e-1
           320.7584 1.7539510074e0 4.8013289905e-1
           335.7584 1.7485396637e0 4.8161880425e-1
           360.7584 1.7395578324e0 4.8410553894e-1
           410.7584 1.7217323456e0 4.8911759376e-1
           621.0000 1.6487562128e0 5.1076658601e-1
  /
  258.97953831 313.2564 1.7623518193e0 4.7693859099e-1
           323.2564 1.7587251113e0 4.7792209715e-1
           338.2564 1.7532990383e0 4.7940116041e-1
           363.2564 1.7442927594e0 4.8187644477e-1
           413.2564 1.7264187531e0 4.8686542127e-1
           621.0000 1.6540949341e0 5.0815317561e-1
  /
  261.22495844 315.7543 1.7671618820e0 4.7474068533e-1
           325.7543 1.7635252756e0 4.7571965914e-1
           340.7543 1.7580843930e0 4.7719190634e-1
           365.7543 1.7490535328e0 4.7965578369e-1
           415.7543 1.7311307422e0 4.8462176919e-1
           621.0000 1.6594632370e0 5.0555120733e-1
  /
  263.47037857 318.2523 1.7719982733e0 4.7255107908e-1
           328.2523 1.7683517141e0 4.7352553765e-1
           343.2523 1.7628959408e0 4.7499099453e-1
           368.2523 1.7538403648e0 4.7744350795e-1
           418.2523 1.7358685230e0 4.8238658925e-1
           621.0000 1.6648613645e0 5.0296061522e-1
  /
  265.71579870 320.7503 1.7768612098e0 4.7036972531e-1
           330.7503 1.7732046433e0 4.7133968566e-1
           345.7503 1.7677338976e0 4.7279837781e-1
           370.7503 1.7586534702e0 4.7523957013e-1
           420.7503 1.7406323077e0 4.8015983356e-1
           621.0000 1.6702895626e0 5.0038133380e-1
  /
  267.96121883 323.2483 1.7817509107e0 4.6819657745e-1
           333.2483 1.7780842817e0 4.6916205651e-1
           348.2483 1.7725984812e0 4.7061400937e-1
           373.2483 1.7634930656e0 4.7304392318e-1
           423.2483 1.7454223112e0 4.7794145458e-1
           621.0000 1.6757480796e0 4.9781329808e-1
  /
  270.20663896 325.7462 1.7866675975e0 4.6603158930e-1
           335.7462 1.7829908506e0 4.6699260388e-1
           350.7462 1.7774899122e0 4.6843784277e-1
           375.7462 1.7683593705e0 4.7085652041e-1
           425.7462 1.7502387504e0 4.7573140513e-1
           621.0000 1.6812371667e0 4.9525644358e-1
  /
  272.45205909 328.2442 1.7916114943e0 4.6387471497e-1
           338.2442 1.7879245735e0 4.6483128181e-1
           353.2442 1.7824084134e0 4.6626983189e-1
           378.2442 1.7732526065e0 4.6867731547e-1
           428.2442 1.7550818447e0 4.7352963838e-1
           621.0000 1.6867570781e0 4.9271070628e-1
  /
  274.69747922 330.7422 1.7965828276e0 4.6172590895e-1
           340.7422 1.7928856764e0 4.6267804468e-1
           355.7422 1.7873542102e0 4.6410993096e-1
           380.7422 1.7781729979e0 4.6650626237e-1
           430.7422 1.7599518162e0 4.7133610787e-1
           621.0000 1.6923080704e0 4.9017602266e-1
  /
  276.94289935 333.2401 1.8015818264e0 4.5958512603e-1
           343.2401 1.7978743878e0 4.6053284721e-1
           358.2401 1.7923275303e0 4.6195809458e-1
           383.2401 1.7831207713e0 4.6434331544e-1
           433.2401 1.7648488891e0 4.6915076746e-1
           621.0000 1.6978904034e0 4.8765232967e-1
  /
  279.18831948 335.7381 1.8066087223e0 4.5745232138e-1
           345.7381 1.8028909390e0 4.5839564445e-1
           360.7381 1.7973286042e0 4.5981427765e-1
           385.7381 1.7880961559e0 4.6218842938e-1
           435.7381 1.7697732902e0 4.6697357138e-1
           621.0000 1.7035043397e0 4.8513956471e-1
  /
  281.43373961 338.2361 1.8116637495e0 4.5532745048e-1
           348.2361 1.8079355635e0 4.5626639180e-1
           363.2361 1.8023576649e0 4.5767843544e-1
           388.2361 1.7930993835e0 4.6004155920e-1
           438.2361 1.7747252491e0 4.6480447416e-1
           621.0000 1.7091501448e0 4.8263766569e-1
  /
  283.67915974 340.7341 1.8167471447e0 4.5321046913e-1
           350.7341 1.8130084978e0 4.5414504498e-1
           365.7341 1.8074149480e0 4.5555052351e-1
           390.7341 1.7981306885e0 4.5790266026e-1
           440.7341 1.7797049976e0 4.6264343072e-1
           621.0000 1.7148280871e0 4.8014657094e-1
  /
  285.92457987 343.2320 1.8218591475e0 4.5110133348e-1
           353.2320 1.8181099806e0 4.5203156003e-1
           368.2320 1.8125006916e0 4.5343049780e-1
           393.2320 1.8031903079e0 4.5577168825e-1
           443.2320 1.7847127704e0 4.6049039627e-1
           621.0000 1.7205384382e0 4.7766621926e-1
  /
  288.17000000 345.7300 1.8270000000e0 4.4900000000e-1
           355.7300 1.8232402539e0 4.4992589334e-1
           370.7300 1.8176151368e0 4.5131831454e-1
           395.7300 1.8082784813e0 4.5364859919e-1
           445.7300 1.7897488046e0 4.5834532638e-1
           621.0000 1.7262814727e0 4.7519654992e-1
  /
/
PVDG
  1.0100 9.3610000000e-1 8.0000000000e-3
  3.5080 3.2814770039e-1 9.0570216414e-3
  6.0059 1.9894343113e-1 9.3186930408e-3
  8.5039 1.4274089491e-1 9.4372965403e-3
  11.0019 1.1129849979e-1 9.5049754264e-3
  13.4999 9.1207643744e-2 9.5487310707e-3
  15.9978 7.7261006824e-2 9.5793429407e-3
  18.2500 6.7900000000e-2 9.6000000000e-3
  18.4958 6.7012435372e-2 9.6373691041e-3
  20.9938 5.9154177605e-2 9.9813686204e-3
  23.4917 5.2945489585e-2 1.0271027467e-2
  25.9897 4.7916303307e-2 1.0518279164e-2
  28.4877 4.3759660574e-2 1.0731801341e-2
  30.9857 4.0266613052e-2 1.0918055244e-2
  33.4836 3.7289996503e-2 1.1081950874e-2
  35.4900 3.5200000000e-2 1.1200000000e-2
  35.9816 3.4721418397e-2 1.1262311388e-2
  38.4796 3.2477647349e-2 1.1563943733e-2
  40.9775 3.0506268170e-2 1.1842613307e-2
  43.4755 2.8760517188e-2 1.2100846135e-2
  45.9735 2.7203755706e-2 1.2340810848e-2
  48.4714 2.5806870467e-2 1.2564379726e-2
  50.9694 2.4546435902e-2 1.2773177651e-2
  53.4674 2.3403389847e-2 1.2968621665e-2
  55.9654 2.2362062798e-2 1.3151953166e-2
  58.4633 2.1409455289e-2 1.3324264309e-2
  60.9613 2.0534692420e-2 1.3486519777e-2
  63.4593 1.9728606862e-2 1.3639574853e-2
  65.9572 1.8983416358e-2 1.3784190499e-2
  68.4552 1.8292471668e-2 1.3921046010e-2
  69.9600 1.7900000000e-2 1.4000000000e-2
  70.9532 1.7651907812e-2 1.4102611168e-2
  73.4512 1.7057305969e-2 1.4354771071e-2
  75.9491 1.6501456892e-2 1.4598790274e-2
  78.4471 1.5980691613e-2 1.4835056736e-2
  80.9451 1.5491790150e-2 1.5063934147e-2
  83.4430 1.5031914862e-2 1.5285763801e-2
  85.9410 1.4598555335e-2 1.5500866291e-2
  88.4390 1.4189482539e-2 1.5709543056e-2
  90.9370 1.3802710476e-2 1.5912077792e-2
  93.4349 1.3436463937e-2 1.6108737735e-2
  95.9329 1.3089151258e-2 1.6299774841e-2
  98.4309 1.2759341198e-2 1.6485426859e-2
  100.9288 1.2445743225e-2 1.6665918324e-2
  103.4268 1.2147190634e-2 1.6841461457e-2
  105.9248 1.1862626050e-2 1.7012257000e-2
  108.4228 1.1591088911e-2 1.7178494983e-2
  110.9207 1.1331704636e-2 1.7340355426e-2
  113.4187 1.1083675216e-2 1.7498008994e-2
  115.9167 1.0846271013e-2 1.7651617591e-2
  118.4146 1.0618823591e-2 1.7801334922e-2
  120.9126 1.0400719432e-2 1.7947306998e-2
  123.4106 1.0191394407e-2 1.8089672619e-2
  125.9086 9.9903289082e-3 1.8228563806e-2
  128.4065 9.7970435373e-3 1.8364106218e-2
  130.9045 9.6110952931e-3 1.8496419524e-2
  133.4025 9.4320741807e-3 1.8625617759e-2
  135.9004 9.2596001934e-3 1.8751809650e-2
  138.3984 9.0933206207e-3 1.8875098925e-2
  138.9100 9.0600000000e-3 1.8900000000e-2
  140.8964 8.9332498580e-3 1.9023045500e-2
  143.3943 8.7788022169e-3 1.9175161815e-2
  145.8923 8.6296043267e-3 1.9324435746e-2
  148.3903 8.4853929980e-3 1.9470946226e-2
  150.8883 8.3459223449e-3 1.9614769286e-2
  153.3862 8.2109623864e-3 1.9755978199e-2
  155.8842 8.0802977807e-3 1.9894643595e-2
  158.3822 7.9537266784e-3 2.0030833582e-2
  160.8801 7.8310596822e-3 2.0164613860e-2
  163.3781 7.7121189017e-3 2.0296047823e-2
  165.8761 7.5967370918e-3 2.0425196661e-2
  168.3741 7.4847568689e-3 2.0552119454e-2
  170.8720 7.3760299940e-3 2.0676873264e-2
  173.3700 7.2704167186e-3 2.0799513218e-2
  173.3800 7.2700000000e-3 2.0800000000e-2
  175.8680 7.1677230416e-3 2.0956680227e-2
  178.3659 7.0678897846e-3 2.1111910288e-2
  180.8639 6.9707993146e-3 2.1265097347e-2
  183.3619 6.8763401314e-3 2.1416281473e-2
  185.8599 6.7844066979e-3 2.1565501694e-2
  188.3578 6.6948990464e-3 2.1712796031e-2
  190.8558 6.6077224161e-3 2.1858201528e-2
  193.3538 6.5227869181e-3 2.2001754286e-2
  195.8517 6.4400072270e-3 2.2143489492e-2
  198.3497 6.3593022942e-3 2.2283441448e-2
  200.8477 6.2805950837e-3 2.2421643597e-2
  203.3457 6.2038123268e-3 2.2558128552e-2
  205.8436 6.1288842942e-3 2.2692928120e-2
  207.8500 6.0700000000e-3 2.2800000000e-2
  208.3416 6.0555747604e-3 2.2832341122e-2
  210.8396 5.9833215204e-3 2.2995722136e-2
  213.3375 5.9127721567e-3 2.3157522318e-2
  215.8355 5.8438671006e-3 2.3317764503e-2
  218.3335 5.7765495279e-3 2.3476471084e-2
  220.8314 5.7107652031e-3 2.3633664032e-2
  223.3294 5.6464623333e-3 2.3789364896e-2
  225.8274 5.5835914324e-3 2.3943594821e-2
  228.3254 5.5221051942e-3 2.4096374554e-2
  230.8233 5.4619583733e-3 2.4247724452e-2
  233.3213 5.4031076745e-3 2.4397664495e-2
  235.8193 5.3455116485e-3 2.4546214290e-2
  238.3172 5.2891305950e-3 2.4693393084e-2
  240.8152 5.2339264710e-3 2.4839219769e-2
  243.3132 5.1798628051e-3 2.4983712894e-2
  245.8112 5.1269046179e-3 2.5126890667e-2
  248.3091 5.0750183456e-3 2.5268770968e-2
  250.8071 5.0241717698e-3 2.5409371354e-2
  253.3051 4.9743339503e-3 2.5548709067e-2
  255.8030 4.9254751626e-3 2.5686801039e-2
  258.3010 4.8775668385e-3 2.5823663903e-2
  260.7990 4.8305815108e-3 2.5959313996e-2
  263.2970 4.7844927605e-3 2.6093767366e-2
  265.7949 4.7392751673e-3 2.6227039780e-2
  268.2929 4.6949042629e-3 2.6359146731e-2
  270.7909 4.6513564867e-3 2.6490103438e-2
  273.2888 4.6086091444e-3 2.6619924859e-2
  275.7868 4.5666403683e-3 2.6748625695e-2
  276.7900 4.5500000000e-3 2.6800000000e-2
  278.2848 4.5254692748e-3 2.6896202273e-2
  280.7828 4.4850604105e-3 2.7056188803e-2
  283.2807 4.4453667979e-3 2.7215207462e-2
  285.7787 4.4063696135e-3 2.7373267007e-2
  288.2767 4.3680506881e-3 2.7530376089e-2
  290.7746 4.3303924795e-3 2.7686543254e-2
  293.2726 4.2933780450e-3 2.7841776950e-2
  295.7706 4.2569910164e-3 2.7996085519e-2
  298.2686 4.2212155756e-3 2.8149477208e-2
  300.7665 4.1860364320e-3 2.8301960164e-2
  303.2645 4.1514388003e-3 2.8453542439e-2
  305.7625 4.1174083801e-3 2.8604231990e-2
  308.2604 4.0839313361e-3 2.8754036679e-2
  310.7584 4.0509942792e-3 2.8902964278e-2
  313.2564 4.0185842491e-3 2.9051022468e-2
  315.7543 3.9866886965e-3 2.9198218839e-2
  318.2523 3.9552954678e-3 2.9344560894e-2
  320.7503 3.9243927890e-3 2.9490056049e-2
  323.2483 3.8939692512e-3 2.9634711635e-2
  325.7462 3.8640137967e-3 2.9778534898e-2
  328.2442 3.8345157053e-3 2.9921533000e-2
  330.7422 3.8054645818e-3 3.0063713024e-2
  333.2401 3.7768503435e-3 3.0205081968e-2
  335.7381 3.7486632090e-3 3.0345646754e-2
  338.2361 3.7208936865e-3 3.0485414224e-2
  340.7341 3.6935325633e-3 3.0624391141e-2
  343.2320 3.6665708959e-3 3.0762584196e-2
  345.7300 3.6400000000e-3 3.0900000000e-2
  370.7300 3.3945383433e-3 3.2233865377e-2
  395.7300 3.1800904657e-3 3.3496649300e-2
  420.7300 2.9911278017e-3 3.4693886180e-2
  445.7300 2.8233621251e-3 3.5830550421e-2
  470.7300 2.6734161834e-3 3.6911125493e-2
  495.7300 2.5385939927e-3 3.7939663047e-2
  520.7300 2.4167173007e-3 3.8919833676e-2
  545.7300 2.3060069998e-3 3.9854970684e-2
  570.7300 2.2049957073e-3 4.0748107957e-2
  595.7300 2.1124623571e-3 4.1602012847e-2
  620.7300 2.0273825979e-3 4.2419214810e-2
  621.0000 2.0265011272e-3 4.2427848910e-2
/
SOLUTION
PRESSURE
 3.3100000000e2 3.3100000000e2 3.3100000000e2 3.3100000000e2 3.3100000000e2 3.3100000000e2
 3.3100000000e2 3.3100000000e2 3.3100000000e2 3.3100000000e2 3.3100000000e2 3.3100000000e2
 3.3100000000e2 3.3100000000e2 3.3100000000e2 3.3100000000e2 3.3100000000e2 3.3100000000e2
 3.3100000000e2 3.3100000000e2 3.3100000000e2 3.3100000000e2 3.3100000000e2 3.3100000000e2
 3.3100000000e2 3.3100000000e2 3.3100000000e2 3.3100000000e2 3.3100000000e2 3.3100000000e2
 3.3100000000e2 3.3100000000e2 3.3100000000e2 3.3100000000e2 3.3100000000e2 3.3100000000e2
 3.3100000000e2 3.3100000000e2 3.3100000000e2 3.3100000000e2 3.3100000000e2 3.3100000000e2
 3.3100000000e2 3.3100000000e2 3.3100000000e2 3.3100000000e2 3.3100000000e2 3.3100000000e2
 3.3100000000e2 3.3100000000e2 3.3100000000e2 3.3100000000e2 3.3100000000e2 3.3100000000e2
 3.3100000000e2 3.3100000000e2 3.3100000000e2 3.3100000000e2 3.3100000000e2 3.3100000000e2
 3.3100000000e2 3.3100000000e2 3.3100000000e2 3.3100000000e2 3.3100000000e2 3.3100000000e2
 3.3100000000e2 3.3100000000e2 3.3100000000e2 3.3100000000e2 3.3100000000e2 3.3100000000e2
 3.3100000000e2 3.3100000000e2 3.3100000000e2 3.3100000000e2 3.3100000000e2 3.3100000000e2
 3.3100000000e2 3.3100000000e2 3.3100000000e2 3.3100000000e2 3.3100000000e2 3.3100000000e2
 3.3100000000e2 3.3100000000e2 3.3100000000e2 3.3100000000e2 3.3100000000e2 3.3100000000e2
 3.3100000000e2 3.3100000000e2 3.3100000000e2 3.3100000000e2 3.3100000000e2 3.3100000000e2
 3.3100000000e2 3.3100000000e2 3.3100000000e2 3.3100000000e2 3.3100000000e2 3.3100000000e2
 3.3100000000e2 3.3100000000e2 3.3100000000e2 3.3100000000e2 3.3100000000e2 3.3100000000e2
 3.3100000000e2 3.3100000000e2 3.3100000000e2 3.3100000000e2 3.3100000000e2 3.3100000000e2
 3.3100000000e2 3.3100000000e2 3.3100000000e2 3.3100000000e2 3.3100000000e2 3.3100000000e2
 3.3100000000e2 3.3100000000e2 3.3100000000e2 3.3100000000e2 3.3100000000e2 3.3100000000e2
 3.3100000000e2 3.3100000000e2 3.3100000000e2 3.3100000000e2 3.3100000000e2 3.3100000000e2
 3.3100000000e2 3.3100000000e2 3.3100000000e2 3.3100000000e2 3.3100000000e2 3.3100000000e2
 3.3100000000e2 3.3100000000e2 3.3100000000e2 3.3100000000e2 3.3100000000e2 3.3100000000e2
 3.3100000000e2 3.3100000000e2 3.3100000000e2 3.3100000000e2 3.3100000000e2 3.3100000000e2
 3.3100000000e2 3.3100000000e2 3.3100000000e2 3.3100000000e2 3.3100000000e2 3.3100000000e2
 3.3100000000e2 3.3100000000e2 3.3100000000e2 3.3100000000e2 3.3100000000e2 3.3100000000e2
 3.3100000000e2 3.3100000000e2 3.3100000000e2 3.3100000000e2 3.3100000000e2 3.3100000000e2
 3.3100000000e2 3.3100000000e2 3.3100000000e2 3.3100000000e2 3.3100000000e2 3.3100000000e2
 3.3100000000e2 3.3100000000e2 3.3100000000e2 3.3100000000e2 3.3100000000e2 3.3100000000e2
 3.3100000000e2 3.3100000000e2 3.3100000000e2 3.3100000000e2 3.3100000000e2 3.3100000000e2
 3.3100000000e2 3.3100000000e2 3.3100000000e2 3.3100000000e2 3.3100000000e2 3.3100000000e2
 3.3100000000e2 3.3100000000e2 3.3100000000e2 3.3100000000e2 3.3100000000e2 3.3100000000e2
 3.3100000000e2 3.3100000000e2 3.3100000000e2 3.3100000000e2 3.3100000000e2 3.3100000000e2
 3.3100000000e2 3.3100000000e2 3.3100000000e2 3.3100000000e2 3.3100000000e2 3.3100000000e2
 3.3100000000e2 3.3100000000e2 3.3100000000e2 3.3100000000e2 3.3100000000e2 3.3100000000e2
 3.3100000000e2 3.3100000000e2 3.3100000000e2 3.3100000000e2 3.3100000000e2 3.3100000000e2
 3.3100000000e2 3.3100000000e2 3.3100000000e2 3.3100000000e2 3.3100000000e2 3.3100000000e2
 3.3100000000e2 3.3100000000e2 3.3100000000e2 3.3100000000e2 3.3100000000e2 3.3100000000e2
 3.3100000000e2 3.3100000000e2 3.3100000000e2 3.3100000000e2 3.3100000000e2 3.3100000000e2
 3.3100000000e2 3.3100000000e2 3.3100000000e2 3.3100000000e2 3.3100000000e2 3.3100000000e2
 3.3100000000e2 3.3100000000e2 3.3100000000e2 3.3100000000e2 3.3100000000e2 3.3100000000e2
 3.3100000000e2 3.3100000000e2 3.3100000000e2 3.3100000000e2 3.3100000000e2 3.3100000000e2
 3.3100000000e2 3.3100000000e2 3.3100000000e2 3.3100000000e2 3.3100000000e2 3.3100000000e2
 3.3100000000e2 3.3100000000e2 3.3100000000e2 3.3100000000e2 3.3100000000e2 3.3100000000e2
 3.3100000000e2 3.3100000000e2 3.3100000000e2 3.3100000000e2 3.3100000000e2 3.3100000000e2
 3.3100000000e2 3.3100000000e2 3.3100000000e2 3.3100000000e2 3.3100000000e2 3.3100000000e2
 3.3100000000e2 3.3100000000e2 3.3100000000e2 3.3100000000e2 3.3100000000e2 3.3100000000e2
 3.3100000000e2 3.3100000000e2 3.3100000000e2 3.3100000000e2 3.3100000000e2 3.3100000000e2
 3.3100000000e2 3.3100000000e2 3.3100000000e2 3.3100000000e2 3.3100000000e2 3.3100000000e2
 /
SWAT
 1.2000000000e-1 1.2000000000e-1 1.2000000000e-1 1.2000000000e-1 1.2000000000e-1 1.2000000000e-1
 1.2000000000e-1 1.2000000000e-1 1.2000000000e-1 1.2000000000e-1 1.2000000000e-1 1.2000000000e-1
 1.2000000000e-1 1.2000000000e-1 1.2000000000e-1 1.2000000000e-1 1.2000000000e-1 1.2000000000e-1
 1.2000000000e-1 1.2000000000e-1 1.2000000000e-1 1.2000000000e-1 1.2000000000e-1 1.2000000000e-1
 1.2000000000e-1 1.2000000000e-1 1.2000000000e-1 1.2000000000e-1 1.2000000000e-1 1.2000000000e-1
 1.2000000000e-1 1.2000000000e-1 1.2000000000e-1 1.2000000000e-1 1.2000000000e-1 1.2000000000e-1
 1.2000000000e-1 1.2000000000e-1 1.2000000000e-1 1.2000000000e-1 1.2000000000e-1 1.2000000000e-1
 1.2000000000e-1 1.2000000000e-1 1.2000000000e-1 1.2000000000e-1 1.2000000000e-1 1.2000000000e-1
 1.2000000000e-1 1.2000000000e-1 1.2000000000e-1 1.2000000000e-1 1.2000000000e-1 1.2000000000e-1
 1.2000000000e-1 1.2000000000e-1 1.2000000000e-1 1.2000000000e-1 1.2000000000e-1 1.2000000000e-1
 1.2000000000e-1 1.2000000000e-1 1.2000000000e-1 1.2000000000e-1 1.2000000000e-1 1.2000000000e-1
 1.2000000000e-1 1.2000000000e-1 1.2000000000e-1 1.2000000000e-1 1.2000000000e-1 1.2000000000e-1
 1.2000000000e-1 1.2000000000e-1 1.2000000000e-1 1.2000000000e-1 1.2000000000e-1 1.2000000000e-1
 1.2000000000e-1 1.2000000000e-1 1.2000000000e-1 1.2000000000e-1 1.2000000000e-1 1.2000000000e-1
 1.2000000000e-1 1.2000000000e-1 1.2000000000e-1 1.2000000000e-1 1.2000000000e-1 1.2000000000e-1
 1.2000000000e-1 1.2000000000e-1 1.2000000000e-1 1.2000000000e-1 1.2000000000e-1 1.2000000000e-1
 1.2000000000e-1 1.2000000000e-1 1.2000000000e-1 1.2000000000e-1 1.2000000000e-1 1.2000000000e-1
 1.2000000000e-1 1.2000000000e-1 1.2000000000e-1 1.2000000000e-1 1.2000000000e-1 1.2000000000e-1
 1.2000000000e-1 1.2000000000e-1 1.2000000000e-1 1.2000000000e-1 1.2000000000e-1 1.2000000000e-1
 1.2000000000e-1 1.2000000000e-1 1.2000000000e-1 1.2000000000e-1 1.2000000000e-1 1.2000000000e-1
 1.2000000000e-1 1.2000000000e-1 1.2000000000e-1 1.2000000000e-1 1.2000000000e-1 1.2000000000e-1
 1.2000000000e-1 1.2000000000e-1 1.2000000000e-1 1.2000000000e-1 1.2000000000e-1 1.2000000000e-1
 1.2000000000e-1 1.2000000000e-1 1.2000000000e-1 1.2000000000e-1 1.2000000000e-1 1.2000000000e-1
 1.2000000000e-1 1.2000000000e-1 1.2000000000e-1 1.2000000000e-1 1.2000000000e-1 1.2000000000e-1
 1.2000000000e-1 1.2000000000e-1 1.2000000000e-1 1.2000000000e-1 1.2000000000e-1 1.2000000000e-1
 1.2000000000e-1 1.2000000000e-1 1.2000000000e-1 1.2000000000e-1 1.2000000000e-1 1.2000000000e-1
 1.2000000000e-1 1.2000000000e-1 1.2000000000e-1 1.2000000000e-1 1.2000000000e-1 1.2000000000e-1
 1.2000000000e-1 1.2000000000e-1 1.2000000000e-1 1.2000000000e-1 1.2000000000e-1 1.2000000000e-1
 1.2000000000e-1 1.2000000000e-1 1.2000000000e-1 1.2000000000e-1 1.2000000000e-1 1.2000000000e-1
 1.2000000000e-1 1.2000000000e-1 1.2000000000e-1 1.2000000000e-1 1.2000000000e-1 1.2000000000e-1
 1.2000000000e-1 1.2000000000e-1 1.2000000000e-1 1.2000000000e-1 1.2000000000e-1 1.2000000000e-1
 1.2000000000e-1 1.2000000000e-1 1.2000000000e-1 1.2000000000e-1 1.2000000000e-1 1.2000000000e-1
 1.2000000000e-1 1.2000000000e-1 1.2000000000e-1 1.2000000000e-1 1.2000000000e-1 1.2000000000e-1
 1.2000000000e-1 1.2000000000e-1 1.2000000000e-1 1.2000000000e-1 1.2000000000e-1 1.2000000000e-1
 1.2000000000e-1 1.2000000000e-1 1.2000000000e-1 1.2000000000e-1 1.2000000000e-1 1.2000000000e-1
 1.2000000000e-1 1.2000000000e-1 1.2000000000e-1 1.2000000000e-1 1.2000000000e-1 1.2000000000e-1
 1.2000000000e-1 1.2000000000e-1 1.2000000000e-1 1.2000000000e-1 1.2000000000e-1 1.2000000000e-1
 1.2000000000e-1 1.2000000000e-1 1.2000000000e-1 1.2000000000e-1 1.2000000000e-1 1.2000000000e-1
 1.2000000000e-1 1.2000000000e-1 1.2000000000e-1 1.2000000000e-1 1.2000000000e-1 1.2000000000e-1
 1.2000000000e-1 1.2000000000e-1 1.2000000000e-1 1.2000000000e-1 1.2000000000e-1 1.2000000000e-1
 1.2000000000e-1 1.2000000000e-1 1.2000000000e-1 1.2000000000e-1 1.2000000000e-1 1.2000000000e-1
 1.2000000000e-1 1.2000000000e-1 1.2000000000e-1 1.2000000000e-1 1.2000000000e-1 1.2000000000e-1
 1.2000000000e-1 1.2000000000e-1 1.2000000000e-1 1.2000000000e-1 1.2000000000e-1 1.2000000000e-1
 1.2000000000e-1 1.2000000000e-1 1.2000000000e-1 1.2000000000e-1 1.2000000000e-1 1.2000000000e-1
 1.2000000000e-1 1.2000000000e-1 1.2000000000e-1 1.2000000000e-1 1.2000000000e-1 1.2000000000e-1
 1.2000000000e-1 1.2000000000e-1 1.2000000000e-1 1.2000000000e-1 1.2000000000e-1 1.2000000000e-1
 1.2000000000e-1 1.2000000000e-1 1.2000000000e-1 1.2000000000e-1 1.2000000000e-1 1.2000000000e-1
 1.2000000000e-1 1.2000000000e-1 1.2000000000e-1 1.2000000000e-1 1.2000000000e-1 1.2000000000e-1
 1.2000000000e-1 1.2000000000e-1 1.2000000000e-1 1.2000000000e-1 1.2000000000e-1 1.2000000000e-1
 1.2000000000e-1 1.2000000000e-1 1.2000000000e-1 1.2000000000e-1 1.2000000000e-1 1.2000000000e-1
 /
SGAS
 0.0000000000e0 0.0000000000e0 0.0000000000e0 0.0000000000e0 0.0000000000e0 0.0000000000e0
 0.0000000000e0 0.0000000000e0 0.0000000000e0 0.0000000000e0 0.0000000000e0 0.0000000000e0
 0.0000000000e0 0.0000000000e0 0.0000000000e0 0.0000000000e0 0.0000000000e0 0.0000000000e0
 0.0000000000e0 0.0000000000e0 0.0000000000e0 0.0000000000e0 0.0000000000e0 0.0000000000e0
 0.0000000000e0 0.0000000000e0 0.0000000000e0 0.0000000000e0 0.0000000000e0 0.0000000000e0
 0.0000000000e0 0.0000000000e0 0.0000000000e0 0.0000000000e0 0.0000000000e0 0.0000000000e0
 0.0000000000e0 0.0000000000e0 0.0000000000e0 0.0000000000e0 0.0000000000e0 0.0000000000e0
 0.0000000000e0 0.0000000000e0 0.0000000000e0 0.0000000000e0 0.0000000000e0 0.0000000000e0
 0.0000000000e0 0.0000000000e0 0.0000000000e0 0.0000000000e0 0.0000000000e0 0.0000000000e0
 0.0000000000e0 0.0000000000e0 0.0000000000e0 0.0000000000e0 0.0000000000e0 0.0000000000e0
 0.0000000000e0 0.0000000000e0 0.0000000000e0 0.0000000000e0 0.0000000000e0 0.0000000000e0
 0.0000000000e0 0.0000000000e0 0.0000000000e0 0.0000000000e0 0.0000000000e0 0.0000000000e0
 0.0000000000e0 0.0000000000e0 0.0000000000e0 0.0000000000e0 0.0000000000e0 0.0000000000e0
 0.0000000000e0 0.0000000000e0 0.0000000000e0 0.0000000000e0 0.0000000000e0 0.0000000000e0
 0.0000000000e0 0.0000000000e0 0.0000000000e0 0.0000000000e0 0.0000000000e0 0.0000000000e0
 0.0000000000e0 0.0000000000e0 0.0000000000e0 0.0000000000e0 0.0000000000e0 0.0000000000e0
 0.0000000000e0 0.0000000000e0 0.0000000000e0 0.0000000000e0 0.0000000000e0 0.0000000000e0
 0.0000000000e0 0.0000000000e0 0.0000000000e0 0.0000000000e0 0.0000000000e0 0.0000000000e0
 0.0000000000e0 0.0000000000e0 0.0000000000e0 0.0000000000e0 0.0000000000e0 0.0000000000e0
 0.0000000000e0 0.0000000000e0 0.0000000000e0 0.0000000000e0 0.0000000000e0 0.0000000000e0
 0.0000000000e0 0.0000000000e0 0.0000000000e0 0.0000000000e0 0.0000000000e0 0.0000000000e0
 0.0000000000e0 0.0000000000e0 0.0000000000e0 0.0000000000e0 0.0000000000e0 0.0000000000e0
 0.0000000000e0 0.0000000000e0 0.0000000000e0 0.0000000000e0 0.0000000000e0 0.0000000000e0
 0.0000000000e0 0.0000000000e0 0.0000000000e0 0.0000000000e0 0.0000000000e0 0.0000000000e0
 0.0000000000e0 0.0000000000e0 0.0000000000e0 0.0000000000e0 0.0000000000e0 0.0000000000e0
 0.0000000000e0 0.0000000000e0 0.0000000000e0 0.0000000000e0 0.0000000000e0 0.0000000000e0
 0.0000000000e0 0.0000000000e0 0.0000000000e0 0.0000000000e0 0.0000000000e0 0.0000000000e0
 0.0000000000e0 0.0000000000e0 0.0000000000e0 0.0000000000e0 0.0000000000e0 0.0000000000e0
 0.0000000000e0 0.0000000000e0 0.0000000000e0 0.0000000000e0 0.0000000000e0 0.0000000000e0
 0.0000000000e0 0.0000000000e0 0.0000000000e0 0.0000000000e0 0.0000000000e0 0.0000000000e0
 0.0000000000e0 0.0000000000e0 0.0000000000e0 0.0000000000e0 0.0000000000e0 0.0000000000e0
 0.0000000000e0 0.0000000000e0 0.0000000000e0 0.0000000000e0 0.0000000000e0 0.0000000000e0
 0.0000000000e0 0.0000000000e0 0.0000000000e0 0.0000000000e0 0.0000000000e0 0.0000000000e0
 0.0000000000e0 0.0000000000e0 0.0000000000e0 0.0000000000e0 0.0000000000e0 0.0000000000e0
 0.0000000000e0 0.0000000000e0 0.0000000000e0 0.0000000000e0 0.0000000000e0 0.0000000000e0
 0.0000000000e0 0.0000000000e0 0.0000000000e0 0.0000000000e0 0.0000000000e0 0.0000000000e0
 0.0000000000e0 0.0000000000e0 0.0000000000e0 0.0000000000e0 0.0000000000e0 0.0000000000e0
 0.0000000000e0 0.0000000000e0 0.0000000000e0 0.0000000000e0 0.0000000000e0 0.0000000000e0
 0.0000000000e0 0.0000000000e0 0.0000000000e0 0.0000000000e0 0.0000000000e0 0.0000000000e0
 0.0000000000e0 0.0000000000e0 0.0000000000e0 0.0000000000e0 0.0000000000e0 0.0000000000e0
 0.0000000000e0 0.0000000000e0 0.0000000000e0 0.0000000000e0 0.0000000000e0 0.0000000000e0
 0.0000000000e0 0.0000000000e0 0.0000000000e0 0.0000000000e0 0.0000000000e0 0.0000000000e0
 0.0000000000e0 0.0000000000e0 0.0000000000e0 0.0000000000e0 0.0000000000e0 0.0000000000e0
 0.0000000000e0 0.0000000000e0 0.0000000000e0 0.0000000000e0 0.0000000000e0 0.0000000000e0
 0.0000000000e0 0.0000000000e0 0.0000000000e0 0.0000000000e0 0.0000000000e0 0.0000000000e0
 0.0000000000e0 0.0000000000e0 0.0000000000e0 0.0000000000e0 0.0000000000e0 0.0000000000e0
 0.0000000000e0 0.0000000000e0 0.0000000000e0 0.0000000000e0 0.0000000000e0 0.0000000000e0
 0.0000000000e0 0.0000000000e0 0.0000000000e0 0.0000000000e0 0.0000000000e0 0.0000000000e0
 0.0000000000e0 0.0000000000e0 0.0000000000e0 0.0000000000e0 0.0000000000e0 0.0000000000e0
 0.0000000000e0 0.0000000000e0 0.0000000000e0 0.0000000000e0 0.0000000000e0 0.0000000000e0
 /
RS
 2.2619700000e2 2.2619700000e2 2.2619700000e2 2.2619700000e2 2.2619700000e2 2.2619700000e2
 2.2619700000e2 2.2619700000e2 2.2619700000e2 2.2619700000e2 2.2619700000e2 2.2619700000e2
 2.2619700000e2 2.2619700000e2 2.2619700000e2 2.2619700000e2 2.2619700000e2 2.2619700000e2
 2.2619700000e2 2.2619700000e2 2.2619700000e2 2.2619700000e2 2.2619700000e2 2.2619700000e2
 2.2619700000e2 2.2619700000e2 2.2619700000e2 2.2619700000e2 2.2619700000e2 2.2619700000e2
 2.2619700000e2 2.2619700000e2 2.2619700000e2 2.2619700000e2 2.2619700000e2 2.2619700000e2
 2.2619700000e2 2.2619700000e2 2.2619700000e2 2.2619700000e2 2.2619700000e2 2.2619700000e2
 2.2619700000e2 2.2619700000e2 2.2619700000e2 2.2619700000e2 2.2619700000e2 2.2619700000e2
 2.2619700000e2 2.2619700000e2 2.2619700000e2 2.2619700000e2 2.2619700000e2 2.2619700000e2
 2.2619700000e2 2.2619700000e2 2.2619700000e2 2.2619700000e2 2.2619700000e2 2.2619700000e2
 2.2619700000e2 2.2619700000e2 2.2619700000e2 2.2619700000e2 2.2619700000e2 2.2619700000e2
 2.2619700000e2 2.2619700000e2 2.2619700000e2 2.2619700000e2 2.2619700000e2 2.2619700000e2
 2.2619700000e2 2.2619700000e2 2.2619700000e2 2.2619700000e2 2.2619700000e2 2.2619700000e2
 2.2619700000e2 2.2619700000e2 2.2619700000e2 2.2619700000e2 2.2619700000e2 2.2619700000e2
 2.2619700000e2 2.2619700000e2 2.2619700000e2 2.2619700000e2 2.2619700000e2 2.2619700000e2
 2.2619700000e2 2.2619700000e2 2.2619700000e2 2.2619700000e2 2.2619700000e2 2.2619700000e2
 2.2619700000e2 2.2619700000e2 2.2619700000e2 2.2619700000e2 2.2619700000e2 2.2619700000e2
 2.2619700000e2 2.2619700000e2 2.2619700000e2 2.2619700000e2 2.2619700000e2 2.2619700000e2
 2.2619700000e2 2.2619700000e2 2.2619700000e2 2.2619700000e2 2.2619700000e2 2.2619700000e2
 2.2619700000e2 2.2619700000e2 2.2619700000e2 2.2619700000e2 2.2619700000e2 2.2619700000e2
 2.2619700000e2 2.2619700000e2 2.2619700000e2 2.2619700000e2 2.2619700000e2 2.2619700000e2
 2.2619700000e2 2.2619700000e2 2.2619700000e2 2.2619700000e2 2.2619700000e2 2.2619700000e2
 2.2619700000e2 2.2619700000e2 2.2619700000e2 2.2619700000e2 2.2619700000e2 2.2619700000e2
 2.2619700000e2 2.2619700000e2 2.2619700000e2 2.2619700000e2 2.2619700000e2 2.2619700000e2
 2.2619700000e2 2.2619700000e2 2.2619700000e2 2.2619700000e2 2.2619700000e2 2.2619700000e2
 2.2619700000e2 2.2619700000e2 2.2619700000e2 2.2619700000e2 2.2619700000e2 2.2619700000e2
 2.2619700000e2 2.2619700000e2 2.2619700000e2 2.2619700000e2 2.2619700000e2 2.2619700000e2
 2.2619700000e2 2.2619700000e2 2.2619700000e2 2.2619700000e2 2.2619700000e2 2.2619700000e2
 2.2619700000e2 2.2619700000e2 2.2619700000e2 2.2619700000e2 2.2619700000e2 2.2619700000e2
 2.2619700000e2 2.2619700000e2 2.2619700000e2 2.2619700000e2 2.2619700000e2 2.2619700000e2
 2.2619700000e2 2.2619700000e2 2.2619700000e2 2.2619700000e2 2.2619700000e2 2.2619700000e2
 2.2619700000e2 2.2619700000e2 2.2619700000e2 2.2619700000e2 2.2619700000e2 2.2619700000e2
 2.2619700000e2 2.2619700000e2 2.2619700000e2 2.2619700000e2 2.2619700000e2 2.2619700000e2
 2.2619700000e2 2.2619700000e2 2.2619700000e2 2.2619700000e2 2.2619700000e2 2.2619700000e2
 2.2619700000e2 2.2619700000e2 2.2619700000e2 2.2619700000e2 2.2619700000e2 2.2619700000e2
 2.2619700000e2 2.2619700000e2 2.2619700000e2 2.2619700000e2 2.2619700000e2 2.2619700000e2
 2.2619700000e2 2.2619700000e2 2.2619700000e2 2.2619700000e2 2.2619700000e2 2.2619700000e2
 2.2619700000e2 2.2619700000e2 2.2619700000e2 2.2619700000e2 2.2619700000e2 2.2619700000e2
 2.2619700000e2 2.2619700000e2 2.2619700000e2 2.2619700000e2 2.2619700000e2 2.2619700000e2
 2.2619700000e2 2.2619700000e2 2.2619700000e2 2.2619700000e2 2.2619700000e2 2.2619700000e2
 2.2619700000e2 2.2619700000e2 2.2619700000e2 2.2619700000e2 2.2619700000e2 2.2619700000e2
 2.2619700000e2 2.2619700000e2 2.2619700000e2 2.2619700000e2 2.2619700000e2 2.2619700000e2
 2.2619700000e2 2.2619700000e2 2.2619700000e2 2.2619700000e2 2.2619700000e2 2.2619700000e2
 2.2619700000e2 2.2619700000e2 2.2619700000e2 2.2619700000e2 2.2619700000e2 2.2619700000e2
 2.2619700000e2 2.2619700000e2 2.2619700000e2 2.2619700000e2 2.2619700000e2 2.2619700000e2
 2.2619700000e2 2.2619700000e2 2.2619700000e2 2.2619700000e2 2.2619700000e2 2.2619700000e2
 2.2619700000e2 2.2619700000e2 2.2619700000e2 2.2619700000e2 2.2619700000e2 2.2619700000e2
 2.2619700000e2 2.2619700000e2 2.2619700000e2 2.2619700000e2 2.2619700000e2 2.2619700000e2
 2.2619700000e2 2.2619700000e2 2.2619700000e2 2.2619700000e2 2.2619700000e2 2.2619700000e2
 2.2619700000e2 2.2619700000e2 2.2619700000e2 2.2619700000e2 2.2619700000e2 2.2619700000e2
 /
SUMMARY
FOPR
FWPR
FWIR
FOPT
FWPT
FWIT
FPR
FGPR
FGPT
FGOR
FGIR
FGIT
FVIT
WBHP
/
RUNSUM
SEPARATE
SCHEDULE
RPTRST
  BASIC=2 /
DRSDT
  0 /
WELSPECS
  'PROD0' 'G' 10 10 2582.860000 'OIL' /
  'INJ1' 'G' 1 1 2563.048000 'GAS' /
/
COMPDAT
  'PROD0' 10 10 3 3 'OPEN' 2* 0.1524 /
  'INJ1' 1 1 1 1 'OPEN' 2* 0.1524 /
/
WCONPROD
  'PROD0' 'OPEN' 'ORAT' 3179.74 4* 69 /
/
WCONINJE
  'INJ1' 'GAS' 'OPEN' 'RATE' 2831680 1* 621 /
/
TSTEP
  120*30 /
END
